columnas,genero,indice_gap,min,max,estado,total
_18_HOMBRES,1,18,18,18,1,10419.0
_18_MUJERES,2,18,18,18,1,10682.0
_18_NOBINARIO,9,18,18,18,1,0.0
_19_HOMBRES,1,19,19,19,1,12893.0
_19_MUJERES,2,19,19,19,1,13080.0
_19_NOBINARIO,9,19,19,19,1,0.0
_20_24_HOMBRES,1,2024,20,24,1,69819.0
_20_24_MUJERES,2,2024,20,24,1,69209.0
_20_24_NOBINARIO,9,2024,20,24,1,2.0
_25_29_HOMBRES,1,2529,25,29,1,66951.0
_25_29_MUJERES,2,2529,25,29,1,66534.0
_25_29_NOBINARIO,9,2529,25,29,1,0.0
_30_34_HOMBRES,1,3034,30,34,1,63052.0
_30_34_MUJERES,2,3034,30,34,1,64327.0
_30_34_NOBINARIO,9,3034,30,34,1,0.0
_35_39_HOMBRES,1,3539,35,39,1,54947.0
_35_39_MUJERES,2,3539,35,39,1,57168.0
_35_39_NOBINARIO,9,3539,35,39,1,1.0
_40_44_HOMBRES,1,4044,40,44,1,51217.0
_40_44_MUJERES,2,4044,40,44,1,54027.0
_40_44_NOBINARIO,9,4044,40,44,1,0.0
_45_49_HOMBRES,1,4549,45,49,1,46900.0
_45_49_MUJERES,2,4549,45,49,1,50716.0
_45_49_NOBINARIO,9,4549,45,49,1,0.0
_50_54_HOMBRES,1,5054,50,54,1,42578.0
_50_54_MUJERES,2,5054,50,54,1,47388.0
_50_54_NOBINARIO,9,5054,50,54,1,0.0
_55_59_HOMBRES,1,5559,55,59,1,35330.0
_55_59_MUJERES,2,5559,55,59,1,39982.0
_55_59_NOBINARIO,9,5559,55,59,1,0.0
_60_64_HOMBRES,1,6064,60,64,1,28562.0
_60_64_MUJERES,2,6064,60,64,1,32846.0
_60_64_NOBINARIO,9,6064,60,64,1,0.0
_65_Y_MAS_HOMBRES,1,65,65,100,1,56572.0
_65_Y_MAS_MUJERES,2,65,65,100,1,69085.0
_65_Y_MAS_NOBINARIO,9,65,65,100,1,0.0
_18_HOMBRES,1,18,18,18,2,23866.0
_18_MUJERES,2,18,18,18,2,23817.0
_18_NOBINARIO,9,18,18,18,2,0.0
_19_HOMBRES,1,19,19,19,2,32770.0
_19_MUJERES,2,19,19,19,2,31571.0
_19_NOBINARIO,9,19,19,19,2,0.0
_20_24_HOMBRES,1,2024,20,24,2,181421.0
_20_24_MUJERES,2,2024,20,24,2,174487.0
_20_24_NOBINARIO,9,2024,20,24,2,2.0
_25_29_HOMBRES,1,2529,25,29,2,195165.0
_25_29_MUJERES,2,2529,25,29,2,184162.0
_25_29_NOBINARIO,9,2529,25,29,2,1.0
_30_34_HOMBRES,1,3034,30,34,2,185374.0
_30_34_MUJERES,2,3034,30,34,2,177257.0
_30_34_NOBINARIO,9,3034,30,34,2,1.0
_35_39_HOMBRES,1,3539,35,39,2,165475.0
_35_39_MUJERES,2,3539,35,39,2,160568.0
_35_39_NOBINARIO,9,3539,35,39,2,0.0
_40_44_HOMBRES,1,4044,40,44,2,154735.0
_40_44_MUJERES,2,4044,40,44,2,151397.0
_40_44_NOBINARIO,9,4044,40,44,2,0.0
_45_49_HOMBRES,1,4549,45,49,2,149860.0
_45_49_MUJERES,2,4549,45,49,2,149150.0
_45_49_NOBINARIO,9,4549,45,49,2,0.0
_50_54_HOMBRES,1,5054,50,54,2,144696.0
_50_54_MUJERES,2,5054,50,54,2,142741.0
_50_54_NOBINARIO,9,5054,50,54,2,0.0
_55_59_HOMBRES,1,5559,55,59,2,116842.0
_55_59_MUJERES,2,5559,55,59,2,119048.0
_55_59_NOBINARIO,9,5559,55,59,2,0.0
_60_64_HOMBRES,1,6064,60,64,2,91243.0
_60_64_MUJERES,2,6064,60,64,2,97925.0
_60_64_NOBINARIO,9,6064,60,64,2,0.0
_65_Y_MAS_HOMBRES,1,65,65,100,2,167878.0
_65_Y_MAS_MUJERES,2,65,65,100,2,205577.0
_65_Y_MAS_NOBINARIO,9,65,65,100,2,0.0
_18_HOMBRES,1,18,18,18,3,4611.0
_18_MUJERES,2,18,18,18,3,4468.0
_18_NOBINARIO,9,18,18,18,3,0.0
_19_HOMBRES,1,19,19,19,3,6984.0
_19_MUJERES,2,19,19,19,3,6406.0
_19_NOBINARIO,9,19,19,19,3,0.0
_20_24_HOMBRES,1,2024,20,24,3,36379.0
_20_24_MUJERES,2,2024,20,24,3,33973.0
_20_24_NOBINARIO,9,2024,20,24,3,0.0
_25_29_HOMBRES,1,2529,25,29,3,36930.0
_25_29_MUJERES,2,2529,25,29,3,34133.0
_25_29_NOBINARIO,9,2529,25,29,3,0.0
_30_34_HOMBRES,1,3034,30,34,3,38123.0
_30_34_MUJERES,2,3034,30,34,3,35532.0
_30_34_NOBINARIO,9,3034,30,34,3,0.0
_35_39_HOMBRES,1,3539,35,39,3,35583.0
_35_39_MUJERES,2,3539,35,39,3,33227.0
_35_39_NOBINARIO,9,3539,35,39,3,0.0
_40_44_HOMBRES,1,4044,40,44,3,33600.0
_40_44_MUJERES,2,4044,40,44,3,31198.0
_40_44_NOBINARIO,9,4044,40,44,3,0.0
_45_49_HOMBRES,1,4549,45,49,3,30239.0
_45_49_MUJERES,2,4549,45,49,3,28863.0
_45_49_NOBINARIO,9,4549,45,49,3,0.0
_50_54_HOMBRES,1,5054,50,54,3,26604.0
_50_54_MUJERES,2,5054,50,54,3,25205.0
_50_54_NOBINARIO,9,5054,50,54,3,0.0
_55_59_HOMBRES,1,5559,55,59,3,20604.0
_55_59_MUJERES,2,5559,55,59,3,20238.0
_55_59_NOBINARIO,9,5559,55,59,3,0.0
_60_64_HOMBRES,1,6064,60,64,3,16098.0
_60_64_MUJERES,2,6064,60,64,3,16489.0
_60_64_NOBINARIO,9,6064,60,64,3,0.0
_65_Y_MAS_HOMBRES,1,65,65,100,3,28792.0
_65_Y_MAS_MUJERES,2,65,65,100,3,31498.0
_65_Y_MAS_NOBINARIO,9,65,65,100,3,0.0
_18_HOMBRES,1,18,18,18,4,5627.0
_18_MUJERES,2,18,18,18,4,5571.0
_18_NOBINARIO,9,18,18,18,4,0.0
_19_HOMBRES,1,19,19,19,4,7566.0
_19_MUJERES,2,19,19,19,4,7434.0
_19_NOBINARIO,9,19,19,19,4,0.0
_20_24_HOMBRES,1,2024,20,24,4,39095.0
_20_24_MUJERES,2,2024,20,24,4,39082.0
_20_24_NOBINARIO,9,2024,20,24,4,0.0
_25_29_HOMBRES,1,2529,25,29,4,39431.0
_25_29_MUJERES,2,2529,25,29,4,39391.0
_25_29_NOBINARIO,9,2529,25,29,4,0.0
_30_34_HOMBRES,1,3034,30,34,4,38554.0
_30_34_MUJERES,2,3034,30,34,4,40246.0
_30_34_NOBINARIO,9,3034,30,34,4,0.0
_35_39_HOMBRES,1,3539,35,39,4,36596.0
_35_39_MUJERES,2,3539,35,39,4,38395.0
_35_39_NOBINARIO,9,3539,35,39,4,0.0
_40_44_HOMBRES,1,4044,40,44,4,33572.0
_40_44_MUJERES,2,4044,40,44,4,36029.0
_40_44_NOBINARIO,9,4044,40,44,4,0.0
_45_49_HOMBRES,1,4549,45,49,4,31445.0
_45_49_MUJERES,2,4549,45,49,4,33343.0
_45_49_NOBINARIO,9,4549,45,49,4,0.0
_50_54_HOMBRES,1,5054,50,54,4,27819.0
_50_54_MUJERES,2,5054,50,54,4,29172.0
_50_54_NOBINARIO,9,5054,50,54,4,0.0
_55_59_HOMBRES,1,5559,55,59,4,23231.0
_55_59_MUJERES,2,5559,55,59,4,24304.0
_55_59_NOBINARIO,9,5559,55,59,4,0.0
_60_64_HOMBRES,1,6064,60,64,4,18963.0
_60_64_MUJERES,2,6064,60,64,4,20020.0
_60_64_NOBINARIO,9,6064,60,64,4,0.0
_65_Y_MAS_HOMBRES,1,65,65,100,4,39998.0
_65_Y_MAS_MUJERES,2,65,65,100,4,43026.0
_65_Y_MAS_NOBINARIO,9,65,65,100,4,0.0
_18_HOMBRES,1,18,18,18,5,21763.0
_18_MUJERES,2,18,18,18,5,21168.0
_18_NOBINARIO,9,18,18,18,5,0.0
_19_HOMBRES,1,19,19,19,5,26505.0
_19_MUJERES,2,19,19,19,5,25935.0
_19_NOBINARIO,9,19,19,19,5,0.0
_20_24_HOMBRES,1,2024,20,24,5,144981.0
_20_24_MUJERES,2,2024,20,24,5,141598.0
_20_24_NOBINARIO,9,2024,20,24,5,0.0
_25_29_HOMBRES,1,2529,25,29,5,140951.0
_25_29_MUJERES,2,2529,25,29,5,137241.0
_25_29_NOBINARIO,9,2529,25,29,5,0.0
_30_34_HOMBRES,1,3034,30,34,5,131420.0
_30_34_MUJERES,2,3034,30,34,5,129251.0
_30_34_NOBINARIO,9,3034,30,34,5,0.0
_35_39_HOMBRES,1,3539,35,39,5,116696.0
_35_39_MUJERES,2,3539,35,39,5,116120.0
_35_39_NOBINARIO,9,3539,35,39,5,0.0
_40_44_HOMBRES,1,4044,40,44,5,113029.0
_40_44_MUJERES,2,4044,40,44,5,113329.0
_40_44_NOBINARIO,9,4044,40,44,5,0.0
_45_49_HOMBRES,1,4549,45,49,5,112056.0
_45_49_MUJERES,2,4549,45,49,5,115910.0
_45_49_NOBINARIO,9,4549,45,49,5,0.0
_50_54_HOMBRES,1,5054,50,54,5,103896.0
_50_54_MUJERES,2,5054,50,54,5,109099.0
_50_54_NOBINARIO,9,5054,50,54,5,0.0
_55_59_HOMBRES,1,5559,55,59,5,85150.0
_55_59_MUJERES,2,5559,55,59,5,91760.0
_55_59_NOBINARIO,9,5559,55,59,5,0.0
_60_64_HOMBRES,1,6064,60,64,5,69744.0
_60_64_MUJERES,2,6064,60,64,5,76328.0
_60_64_NOBINARIO,9,6064,60,64,5,0.0
_65_Y_MAS_HOMBRES,1,65,65,100,5,137272.0
_65_Y_MAS_MUJERES,2,65,65,100,5,160442.0
_65_Y_MAS_NOBINARIO,9,65,65,100,5,0.0
_18_HOMBRES,1,18,18,18,6,4491.0
_18_MUJERES,2,18,18,18,6,4406.0
_18_NOBINARIO,9,18,18,18,6,0.0
_19_HOMBRES,1,19,19,19,6,6088.0
_19_MUJERES,2,19,19,19,6,6053.0
_19_NOBINARIO,9,19,19,19,6,0.0
_20_24_HOMBRES,1,2024,20,24,6,31514.0
_20_24_MUJERES,2,2024,20,24,6,31196.0
_20_24_NOBINARIO,9,2024,20,24,6,0.0
_25_29_HOMBRES,1,2529,25,29,6,31379.0
_25_29_MUJERES,2,2529,25,29,6,31225.0
_25_29_NOBINARIO,9,2529,25,29,6,0.0
_30_34_HOMBRES,1,3034,30,34,6,30905.0
_30_34_MUJERES,2,3034,30,34,6,31172.0
_30_34_NOBINARIO,9,3034,30,34,6,0.0
_35_39_HOMBRES,1,3539,35,39,6,29476.0
_35_39_MUJERES,2,3539,35,39,6,30809.0
_35_39_NOBINARIO,9,3539,35,39,6,0.0
_40_44_HOMBRES,1,4044,40,44,6,27374.0
_40_44_MUJERES,2,4044,40,44,6,28746.0
_40_44_NOBINARIO,9,4044,40,44,6,0.0
_45_49_HOMBRES,1,4549,45,49,6,26614.0
_45_49_MUJERES,2,4549,45,49,6,27935.0
_45_49_NOBINARIO,9,4549,45,49,6,0.0
_50_54_HOMBRES,1,5054,50,54,6,24882.0
_50_54_MUJERES,2,5054,50,54,6,26437.0
_50_54_NOBINARIO,9,5054,50,54,6,0.0
_55_59_HOMBRES,1,5559,55,59,6,21189.0
_55_59_MUJERES,2,5559,55,59,6,22908.0
_55_59_NOBINARIO,9,5559,55,59,6,0.0
_60_64_HOMBRES,1,6064,60,64,6,18455.0
_60_64_MUJERES,2,6064,60,64,6,19896.0
_60_64_NOBINARIO,9,6064,60,64,6,0.0
_65_Y_MAS_HOMBRES,1,65,65,100,6,38761.0
_65_Y_MAS_MUJERES,2,65,65,100,6,44072.0
_65_Y_MAS_NOBINARIO,9,65,65,100,6,0.0
_18_HOMBRES,1,18,18,18,7,27717.0
_18_MUJERES,2,18,18,18,7,28892.0
_18_NOBINARIO,9,18,18,18,7,0.0
_19_HOMBRES,1,19,19,19,7,46837.0
_19_MUJERES,2,19,19,19,7,49460.0
_19_NOBINARIO,9,19,19,19,7,0.0
_20_24_HOMBRES,1,2024,20,24,7,267230.0
_20_24_MUJERES,2,2024,20,24,7,277663.0
_20_24_NOBINARIO,9,2024,20,24,7,0.0
_25_29_HOMBRES,1,2529,25,29,7,255173.0
_25_29_MUJERES,2,2529,25,29,7,265867.0
_25_29_NOBINARIO,9,2529,25,29,7,0.0
_30_34_HOMBRES,1,3034,30,34,7,229591.0
_30_34_MUJERES,2,3034,30,34,7,253777.0
_30_34_NOBINARIO,9,3034,30,34,7,0.0
_35_39_HOMBRES,1,3539,35,39,7,205183.0
_35_39_MUJERES,2,3539,35,39,7,226718.0
_35_39_NOBINARIO,9,3539,35,39,7,0.0
_40_44_HOMBRES,1,4044,40,44,7,185697.0
_40_44_MUJERES,2,4044,40,44,7,205953.0
_40_44_NOBINARIO,9,4044,40,44,7,0.0
_45_49_HOMBRES,1,4549,45,49,7,164122.0
_45_49_MUJERES,2,4549,45,49,7,180698.0
_45_49_NOBINARIO,9,4549,45,49,7,0.0
_50_54_HOMBRES,1,5054,50,54,7,139640.0
_50_54_MUJERES,2,5054,50,54,7,155219.0
_50_54_NOBINARIO,9,5054,50,54,7,0.0
_55_59_HOMBRES,1,5559,55,59,7,113482.0
_55_59_MUJERES,2,5559,55,59,7,125788.0
_55_59_NOBINARIO,9,5559,55,59,7,0.0
_60_64_HOMBRES,1,6064,60,64,7,94869.0
_60_64_MUJERES,2,6064,60,64,7,102623.0
_60_64_NOBINARIO,9,6064,60,64,7,0.0
_65_Y_MAS_HOMBRES,1,65,65,100,7,209920.0
_65_Y_MAS_MUJERES,2,65,65,100,7,222869.0
_65_Y_MAS_NOBINARIO,9,65,65,100,7,0.0
_18_HOMBRES,1,18,18,18,8,25183.0
_18_MUJERES,2,18,18,18,8,25922.0
_18_NOBINARIO,9,18,18,18,8,0.0
_19_HOMBRES,1,19,19,19,8,32662.0
_19_MUJERES,2,19,19,19,8,32897.0
_19_NOBINARIO,9,19,19,19,8,0.0
_20_24_HOMBRES,1,2024,20,24,8,177632.0
_20_24_MUJERES,2,2024,20,24,8,175328.0
_20_24_NOBINARIO,9,2024,20,24,8,2.0
_25_29_HOMBRES,1,2529,25,29,8,176517.0
_25_29_MUJERES,2,2529,25,29,8,173412.0
_25_29_NOBINARIO,9,2529,25,29,8,4.0
_30_34_HOMBRES,1,3034,30,34,8,169104.0
_30_34_MUJERES,2,3034,30,34,8,168989.0
_30_34_NOBINARIO,9,3034,30,34,8,1.0
_35_39_HOMBRES,1,3539,35,39,8,151128.0
_35_39_MUJERES,2,3539,35,39,8,152057.0
_35_39_NOBINARIO,9,3539,35,39,8,0.0
_40_44_HOMBRES,1,4044,40,44,8,142815.0
_40_44_MUJERES,2,4044,40,44,8,143277.0
_40_44_NOBINARIO,9,4044,40,44,8,0.0
_45_49_HOMBRES,1,4549,45,49,8,139466.0
_45_49_MUJERES,2,4549,45,49,8,142519.0
_45_49_NOBINARIO,9,4549,45,49,8,0.0
_50_54_HOMBRES,1,5054,50,54,8,137245.0
_50_54_MUJERES,2,5054,50,54,8,141971.0
_50_54_NOBINARIO,9,5054,50,54,8,0.0
_55_59_HOMBRES,1,5559,55,59,8,115700.0
_55_59_MUJERES,2,5559,55,59,8,123025.0
_55_59_NOBINARIO,9,5559,55,59,8,0.0
_60_64_HOMBRES,1,6064,60,64,8,93146.0
_60_64_MUJERES,2,6064,60,64,8,102535.0
_60_64_NOBINARIO,9,6064,60,64,8,0.0
_65_Y_MAS_HOMBRES,1,65,65,100,8,182344.0
_65_Y_MAS_MUJERES,2,65,65,100,8,216967.0
_65_Y_MAS_NOBINARIO,9,65,65,100,8,0.0
_18_HOMBRES,1,18,18,18,9,51150.0
_18_MUJERES,2,18,18,18,9,50944.0
_18_NOBINARIO,9,18,18,18,9,3.0
_19_HOMBRES,1,19,19,19,9,69042.0
_19_MUJERES,2,19,19,19,9,68023.0
_19_NOBINARIO,9,19,19,19,9,1.0
_20_24_HOMBRES,1,2024,20,24,9,375281.0
_20_24_MUJERES,2,2024,20,24,9,371655.0
_20_24_NOBINARIO,9,2024,20,24,9,8.0
_25_29_HOMBRES,1,2529,25,29,9,395219.0
_25_29_MUJERES,2,2529,25,29,9,394727.0
_25_29_NOBINARIO,9,2529,25,29,9,11.0
_30_34_HOMBRES,1,3034,30,34,9,409189.0
_30_34_MUJERES,2,3034,30,34,9,417328.0
_30_34_NOBINARIO,9,3034,30,34,9,5.0
_35_39_HOMBRES,1,3539,35,39,9,383016.0
_35_39_MUJERES,2,3539,35,39,9,401061.0
_35_39_NOBINARIO,9,3539,35,39,9,2.0
_40_44_HOMBRES,1,4044,40,44,9,362064.0
_40_44_MUJERES,2,4044,40,44,9,389229.0
_40_44_NOBINARIO,9,4044,40,44,9,0.0
_45_49_HOMBRES,1,4549,45,49,9,345436.0
_45_49_MUJERES,2,4549,45,49,9,384030.0
_45_49_NOBINARIO,9,4549,45,49,9,2.0
_50_54_HOMBRES,1,5054,50,54,9,344332.0
_50_54_MUJERES,2,5054,50,54,9,393799.0
_50_54_NOBINARIO,9,5054,50,54,9,0.0
_55_59_HOMBRES,1,5559,55,59,9,288802.0
_55_59_MUJERES,2,5559,55,59,9,342092.0
_55_59_NOBINARIO,9,5559,55,59,9,0.0
_60_64_HOMBRES,1,6064,60,64,9,249591.0
_60_64_MUJERES,2,6064,60,64,9,306721.0
_60_64_NOBINARIO,9,6064,60,64,9,0.0
_65_Y_MAS_HOMBRES,1,65,65,100,9,528840.0
_65_Y_MAS_MUJERES,2,65,65,100,9,745687.0
_65_Y_MAS_NOBINARIO,9,65,65,100,9,0.0
_18_HOMBRES,1,18,18,18,10,10988.0
_18_MUJERES,2,18,18,18,10,10838.0
_18_NOBINARIO,9,18,18,18,10,0.0
_19_HOMBRES,1,19,19,19,10,15049.0
_19_MUJERES,2,19,19,19,10,15063.0
_19_NOBINARIO,9,19,19,19,10,0.0
_20_24_HOMBRES,1,2024,20,24,10,82270.0
_20_24_MUJERES,2,2024,20,24,10,82521.0
_20_24_NOBINARIO,9,2024,20,24,10,0.0
_25_29_HOMBRES,1,2529,25,29,10,81312.0
_25_29_MUJERES,2,2529,25,29,10,80485.0
_25_29_NOBINARIO,9,2529,25,29,10,0.0
_30_34_HOMBRES,1,3034,30,34,10,74183.0
_30_34_MUJERES,2,3034,30,34,10,76904.0
_30_34_NOBINARIO,9,3034,30,34,10,0.0
_35_39_HOMBRES,1,3539,35,39,10,67767.0
_35_39_MUJERES,2,3539,35,39,10,70537.0
_35_39_NOBINARIO,9,3539,35,39,10,0.0
_40_44_HOMBRES,1,4044,40,44,10,63018.0
_40_44_MUJERES,2,4044,40,44,10,65462.0
_40_44_NOBINARIO,9,4044,40,44,10,0.0
_45_49_HOMBRES,1,4549,45,49,10,62589.0
_45_49_MUJERES,2,4549,45,49,10,65570.0
_45_49_NOBINARIO,9,4549,45,49,10,0.0
_50_54_HOMBRES,1,5054,50,54,10,58717.0
_50_54_MUJERES,2,5054,50,54,10,62292.0
_50_54_NOBINARIO,9,5054,50,54,10,0.0
_55_59_HOMBRES,1,5559,55,59,10,50771.0
_55_59_MUJERES,2,5559,55,59,10,55116.0
_55_59_NOBINARIO,9,5559,55,59,10,0.0
_60_64_HOMBRES,1,6064,60,64,10,42914.0
_60_64_MUJERES,2,6064,60,64,10,46813.0
_60_64_NOBINARIO,9,6064,60,64,10,0.0
_65_Y_MAS_HOMBRES,1,65,65,100,10,96380.0
_65_Y_MAS_MUJERES,2,65,65,100,10,106783.0
_65_Y_MAS_NOBINARIO,9,65,65,100,10,0.0
_18_HOMBRES,1,18,18,18,11,36813.0
_18_MUJERES,2,18,18,18,11,37990.0
_18_NOBINARIO,9,18,18,18,11,0.0
_19_HOMBRES,1,19,19,19,11,52544.0
_19_MUJERES,2,19,19,19,11,54417.0
_19_NOBINARIO,9,19,19,19,11,1.0
_20_24_HOMBRES,1,2024,20,24,11,290106.0
_20_24_MUJERES,2,2024,20,24,11,295500.0
_20_24_NOBINARIO,9,2024,20,24,11,0.0
_25_29_HOMBRES,1,2529,25,29,11,290166.0
_25_29_MUJERES,2,2529,25,29,11,291697.0
_25_29_NOBINARIO,9,2529,25,29,11,1.0
_30_34_HOMBRES,1,3034,30,34,11,266364.0
_30_34_MUJERES,2,3034,30,34,11,283629.0
_30_34_NOBINARIO,9,3034,30,34,11,1.0
_35_39_HOMBRES,1,3539,35,39,11,242194.0
_35_39_MUJERES,2,3539,35,39,11,261852.0
_35_39_NOBINARIO,9,3539,35,39,11,0.0
_40_44_HOMBRES,1,4044,40,44,11,225437.0
_40_44_MUJERES,2,4044,40,44,11,246187.0
_40_44_NOBINARIO,9,4044,40,44,11,0.0
_45_49_HOMBRES,1,4549,45,49,11,211954.0
_45_49_MUJERES,2,4549,45,49,11,233860.0
_45_49_NOBINARIO,9,4549,45,49,11,0.0
_50_54_HOMBRES,1,5054,50,54,11,191512.0
_50_54_MUJERES,2,5054,50,54,11,213467.0
_50_54_NOBINARIO,9,5054,50,54,11,0.0
_55_59_HOMBRES,1,5559,55,59,11,158670.0
_55_59_MUJERES,2,5559,55,59,11,180461.0
_55_59_NOBINARIO,9,5559,55,59,11,0.0
_60_64_HOMBRES,1,6064,60,64,11,129597.0
_60_64_MUJERES,2,6064,60,64,11,148470.0
_60_64_NOBINARIO,9,6064,60,64,11,0.0
_65_Y_MAS_HOMBRES,1,65,65,100,11,281966.0
_65_Y_MAS_MUJERES,2,65,65,100,11,333949.0
_65_Y_MAS_NOBINARIO,9,65,65,100,11,0.0
_18_HOMBRES,1,18,18,18,12,16366.0
_18_MUJERES,2,18,18,18,12,17872.0
_18_NOBINARIO,9,18,18,18,12,0.0
_19_HOMBRES,1,19,19,19,12,28000.0
_19_MUJERES,2,19,19,19,12,30147.0
_19_NOBINARIO,9,19,19,19,12,0.0
_20_24_HOMBRES,1,2024,20,24,12,160264.0
_20_24_MUJERES,2,2024,20,24,12,169029.0
_20_24_NOBINARIO,9,2024,20,24,12,0.0
_25_29_HOMBRES,1,2529,25,29,12,162033.0
_25_29_MUJERES,2,2529,25,29,12,168569.0
_25_29_NOBINARIO,9,2529,25,29,12,0.0
_30_34_HOMBRES,1,3034,30,34,12,140418.0
_30_34_MUJERES,2,3034,30,34,12,155123.0
_30_34_NOBINARIO,9,3034,30,34,12,0.0
_35_39_HOMBRES,1,3539,35,39,12,127489.0
_35_39_MUJERES,2,3539,35,39,12,139883.0
_35_39_NOBINARIO,9,3539,35,39,12,0.0
_40_44_HOMBRES,1,4044,40,44,12,119304.0
_40_44_MUJERES,2,4044,40,44,12,129915.0
_40_44_NOBINARIO,9,4044,40,44,12,0.0
_45_49_HOMBRES,1,4549,45,49,12,112650.0
_45_49_MUJERES,2,4549,45,49,12,123548.0
_45_49_NOBINARIO,9,4549,45,49,12,0.0
_50_54_HOMBRES,1,5054,50,54,12,100395.0
_50_54_MUJERES,2,5054,50,54,12,111895.0
_50_54_NOBINARIO,9,5054,50,54,12,0.0
_55_59_HOMBRES,1,5559,55,59,12,85239.0
_55_59_MUJERES,2,5559,55,59,12,96796.0
_55_59_NOBINARIO,9,5559,55,59,12,0.0
_60_64_HOMBRES,1,6064,60,64,12,73290.0
_60_64_MUJERES,2,6064,60,64,12,84019.0
_60_64_NOBINARIO,9,6064,60,64,12,0.0
_65_Y_MAS_HOMBRES,1,65,65,100,12,181769.0
_65_Y_MAS_MUJERES,2,65,65,100,12,214917.0
_65_Y_MAS_NOBINARIO,9,65,65,100,12,0.0
_18_HOMBRES,1,18,18,18,13,18576.0
_18_MUJERES,2,18,18,18,13,19421.0
_18_NOBINARIO,9,18,18,18,13,0.0
_19_HOMBRES,1,19,19,19,13,26382.0
_19_MUJERES,2,19,19,19,13,27012.0
_19_NOBINARIO,9,19,19,19,13,0.0
_20_24_HOMBRES,1,2024,20,24,13,138566.0
_20_24_MUJERES,2,2024,20,24,13,140077.0
_20_24_NOBINARIO,9,2024,20,24,13,1.0
_25_29_HOMBRES,1,2529,25,29,13,129449.0
_25_29_MUJERES,2,2529,25,29,13,132407.0
_25_29_NOBINARIO,9,2529,25,29,13,0.0
_30_34_HOMBRES,1,3034,30,34,13,121989.0
_30_34_MUJERES,2,3034,30,34,13,135450.0
_30_34_NOBINARIO,9,3034,30,34,13,0.0
_35_39_HOMBRES,1,3539,35,39,13,114131.0
_35_39_MUJERES,2,3539,35,39,13,129156.0
_35_39_NOBINARIO,9,3539,35,39,13,0.0
_40_44_HOMBRES,1,4044,40,44,13,111050.0
_40_44_MUJERES,2,4044,40,44,13,126094.0
_40_44_NOBINARIO,9,4044,40,44,13,0.0
_45_49_HOMBRES,1,4549,45,49,13,105249.0
_45_49_MUJERES,2,4549,45,49,13,118779.0
_45_49_NOBINARIO,9,4549,45,49,13,0.0
_50_54_HOMBRES,1,5054,50,54,13,95141.0
_50_54_MUJERES,2,5054,50,54,13,107611.0
_50_54_NOBINARIO,9,5054,50,54,13,0.0
_55_59_HOMBRES,1,5559,55,59,13,77981.0
_55_59_MUJERES,2,5559,55,59,13,90003.0
_55_59_NOBINARIO,9,5559,55,59,13,0.0
_60_64_HOMBRES,1,6064,60,64,13,65068.0
_60_64_MUJERES,2,6064,60,64,13,75216.0
_60_64_NOBINARIO,9,6064,60,64,13,0.0
_65_Y_MAS_HOMBRES,1,65,65,100,13,148239.0
_65_Y_MAS_MUJERES,2,65,65,100,13,176039.0
_65_Y_MAS_NOBINARIO,9,65,65,100,13,0.0
_18_HOMBRES,1,18,18,18,14,50068.0
_18_MUJERES,2,18,18,18,14,50355.0
_18_NOBINARIO,9,18,18,18,14,2.0
_19_HOMBRES,1,19,19,19,14,69984.0
_19_MUJERES,2,19,19,19,14,70338.0
_19_NOBINARIO,9,19,19,19,14,2.0
_20_24_HOMBRES,1,2024,20,24,14,382900.0
_20_24_MUJERES,2,2024,20,24,14,381482.0
_20_24_NOBINARIO,9,2024,20,24,14,11.0
_25_29_HOMBRES,1,2529,25,29,14,379863.0
_25_29_MUJERES,2,2529,25,29,14,372860.0
_25_29_NOBINARIO,9,2529,25,29,14,4.0
_30_34_HOMBRES,1,3034,30,34,14,361295.0
_30_34_MUJERES,2,3034,30,34,14,362127.0
_30_34_NOBINARIO,9,3034,30,34,14,3.0
_35_39_HOMBRES,1,3539,35,39,14,338943.0
_35_39_MUJERES,2,3539,35,39,14,345566.0
_35_39_NOBINARIO,9,3539,35,39,14,2.0
_40_44_HOMBRES,1,4044,40,44,14,315783.0
_40_44_MUJERES,2,4044,40,44,14,325704.0
_40_44_NOBINARIO,9,4044,40,44,14,1.0
_45_49_HOMBRES,1,4549,45,49,14,290745.0
_45_49_MUJERES,2,4549,45,49,14,307733.0
_45_49_NOBINARIO,9,4549,45,49,14,0.0
_50_54_HOMBRES,1,5054,50,54,14,276573.0
_50_54_MUJERES,2,5054,50,54,14,295937.0
_50_54_NOBINARIO,9,5054,50,54,14,0.0
_55_59_HOMBRES,1,5559,55,59,14,226032.0
_55_59_MUJERES,2,5559,55,59,14,250958.0
_55_59_NOBINARIO,9,5559,55,59,14,0.0
_60_64_HOMBRES,1,6064,60,64,14,187473.0
_60_64_MUJERES,2,6064,60,64,14,211656.0
_60_64_NOBINARIO,9,6064,60,64,14,0.0
_65_Y_MAS_HOMBRES,1,65,65,100,14,419693.0
_65_Y_MAS_MUJERES,2,65,65,100,14,503233.0
_65_Y_MAS_NOBINARIO,9,65,65,100,14,0.0
_18_HOMBRES,1,18,18,18,15,104009.0
_18_MUJERES,2,18,18,18,15,104297.0
_18_NOBINARIO,9,18,18,18,15,0.0
_19_HOMBRES,1,19,19,19,15,144529.0
_19_MUJERES,2,19,19,19,15,144919.0
_19_NOBINARIO,9,19,19,19,15,2.0
_20_24_HOMBRES,1,2024,20,24,15,779523.0
_20_24_MUJERES,2,2024,20,24,15,777542.0
_20_24_NOBINARIO,9,2024,20,24,15,0.0
_25_29_HOMBRES,1,2529,25,29,15,741221.0
_25_29_MUJERES,2,2529,25,29,15,740862.0
_25_29_NOBINARIO,9,2529,25,29,15,1.0
_30_34_HOMBRES,1,3034,30,34,15,711311.0
_30_34_MUJERES,2,3034,30,34,15,747811.0
_30_34_NOBINARIO,9,3034,30,34,15,0.0
_35_39_HOMBRES,1,3539,35,39,15,635838.0
_35_39_MUJERES,2,3539,35,39,15,688122.0
_35_39_NOBINARIO,9,3539,35,39,15,0.0
_40_44_HOMBRES,1,4044,40,44,15,598557.0
_40_44_MUJERES,2,4044,40,44,15,666854.0
_40_44_NOBINARIO,9,4044,40,44,15,1.0
_45_49_HOMBRES,1,4549,45,49,15,565854.0
_45_49_MUJERES,2,4549,45,49,15,644825.0
_45_49_NOBINARIO,9,4549,45,49,15,0.0
_50_54_HOMBRES,1,5054,50,54,15,525788.0
_50_54_MUJERES,2,5054,50,54,15,606895.0
_50_54_NOBINARIO,9,5054,50,54,15,0.0
_55_59_HOMBRES,1,5559,55,59,15,426596.0
_55_59_MUJERES,2,5559,55,59,15,501006.0
_55_59_NOBINARIO,9,5559,55,59,15,0.0
_60_64_HOMBRES,1,6064,60,64,15,343008.0
_60_64_MUJERES,2,6064,60,64,15,410057.0
_60_64_NOBINARIO,9,6064,60,64,15,0.0
_65_Y_MAS_HOMBRES,1,65,65,100,15,659166.0
_65_Y_MAS_MUJERES,2,65,65,100,15,846196.0
_65_Y_MAS_NOBINARIO,9,65,65,100,15,0.0
_18_HOMBRES,1,18,18,18,16,23801.0
_18_MUJERES,2,18,18,18,16,24192.0
_18_NOBINARIO,9,18,18,18,16,0.0
_19_HOMBRES,1,19,19,19,16,36982.0
_19_MUJERES,2,19,19,19,16,38053.0
_19_NOBINARIO,9,19,19,19,16,0.0
_20_24_HOMBRES,1,2024,20,24,16,208459.0
_20_24_MUJERES,2,2024,20,24,16,213706.0
_20_24_NOBINARIO,9,2024,20,24,16,0.0
_25_29_HOMBRES,1,2529,25,29,16,214283.0
_25_29_MUJERES,2,2529,25,29,16,217348.0
_25_29_NOBINARIO,9,2529,25,29,16,0.0
_30_34_HOMBRES,1,3034,30,34,16,200701.0
_30_34_MUJERES,2,3034,30,34,16,213724.0
_30_34_NOBINARIO,9,3034,30,34,16,0.0
_35_39_HOMBRES,1,3539,35,39,16,187046.0
_35_39_MUJERES,2,3539,35,39,16,201142.0
_35_39_NOBINARIO,9,3539,35,39,16,0.0
_40_44_HOMBRES,1,4044,40,44,16,173593.0
_40_44_MUJERES,2,4044,40,44,16,187142.0
_40_44_NOBINARIO,9,4044,40,44,16,0.0
_45_49_HOMBRES,1,4549,45,49,16,166471.0
_45_49_MUJERES,2,4549,45,49,16,179042.0
_45_49_NOBINARIO,9,4549,45,49,16,0.0
_50_54_HOMBRES,1,5054,50,54,16,152656.0
_50_54_MUJERES,2,5054,50,54,16,167654.0
_50_54_NOBINARIO,9,5054,50,54,16,0.0
_55_59_HOMBRES,1,5559,55,59,16,129687.0
_55_59_MUJERES,2,5559,55,59,16,146834.0
_55_59_NOBINARIO,9,5559,55,59,16,0.0
_60_64_HOMBRES,1,6064,60,64,16,112277.0
_60_64_MUJERES,2,6064,60,64,16,127103.0
_60_64_NOBINARIO,9,6064,60,64,16,0.0
_65_Y_MAS_HOMBRES,1,65,65,100,16,272638.0
_65_Y_MAS_MUJERES,2,65,65,100,16,311820.0
_65_Y_MAS_NOBINARIO,9,65,65,100,16,0.0
_18_HOMBRES,1,18,18,18,17,11137.0
_18_MUJERES,2,18,18,18,17,11351.0
_18_NOBINARIO,9,18,18,18,17,0.0
_19_HOMBRES,1,19,19,19,17,16149.0
_19_MUJERES,2,19,19,19,17,16288.0
_19_NOBINARIO,9,19,19,19,17,0.0
_20_24_HOMBRES,1,2024,20,24,17,85763.0
_20_24_MUJERES,2,2024,20,24,17,86765.0
_20_24_NOBINARIO,9,2024,20,24,17,0.0
_25_29_HOMBRES,1,2529,25,29,17,85270.0
_25_29_MUJERES,2,2529,25,29,17,87457.0
_25_29_NOBINARIO,9,2529,25,29,17,0.0
_30_34_HOMBRES,1,3034,30,34,17,81401.0
_30_34_MUJERES,2,3034,30,34,17,86988.0
_30_34_NOBINARIO,9,3034,30,34,17,0.0
_35_39_HOMBRES,1,3539,35,39,17,73683.0
_35_39_MUJERES,2,3539,35,39,17,80148.0
_35_39_NOBINARIO,9,3539,35,39,17,0.0
_40_44_HOMBRES,1,4044,40,44,17,68572.0
_40_44_MUJERES,2,4044,40,44,17,76115.0
_40_44_NOBINARIO,9,4044,40,44,17,0.0
_45_49_HOMBRES,1,4549,45,49,17,65879.0
_45_49_MUJERES,2,4549,45,49,17,75211.0
_45_49_NOBINARIO,9,4549,45,49,17,0.0
_50_54_HOMBRES,1,5054,50,54,17,62230.0
_50_54_MUJERES,2,5054,50,54,17,71924.0
_50_54_NOBINARIO,9,5054,50,54,17,0.0
_55_59_HOMBRES,1,5559,55,59,17,52417.0
_55_59_MUJERES,2,5559,55,59,17,61413.0
_55_59_NOBINARIO,9,5559,55,59,17,0.0
_60_64_HOMBRES,1,6064,60,64,17,45261.0
_60_64_MUJERES,2,6064,60,64,17,53670.0
_60_64_NOBINARIO,9,6064,60,64,17,0.0
_65_Y_MAS_HOMBRES,1,65,65,100,17,100701.0
_65_Y_MAS_MUJERES,2,65,65,100,17,123715.0
_65_Y_MAS_NOBINARIO,9,65,65,100,17,0.0
_18_HOMBRES,1,18,18,18,18,7004.0
_18_MUJERES,2,18,18,18,18,7099.0
_18_NOBINARIO,9,18,18,18,18,0.0
_19_HOMBRES,1,19,19,19,18,9953.0
_19_MUJERES,2,19,19,19,18,9846.0
_19_NOBINARIO,9,19,19,19,18,0.0
_20_24_HOMBRES,1,2024,20,24,18,52341.0
_20_24_MUJERES,2,2024,20,24,18,52797.0
_20_24_NOBINARIO,9,2024,20,24,18,0.0
_25_29_HOMBRES,1,2529,25,29,18,52283.0
_25_29_MUJERES,2,2529,25,29,18,51243.0
_25_29_NOBINARIO,9,2529,25,29,18,3.0
_30_34_HOMBRES,1,3034,30,34,18,49344.0
_30_34_MUJERES,2,3034,30,34,18,50578.0
_30_34_NOBINARIO,9,3034,30,34,18,0.0
_35_39_HOMBRES,1,3539,35,39,18,47418.0
_35_39_MUJERES,2,3539,35,39,18,48842.0
_35_39_NOBINARIO,9,3539,35,39,18,0.0
_40_44_HOMBRES,1,4044,40,44,18,44229.0
_40_44_MUJERES,2,4044,40,44,18,45449.0
_40_44_NOBINARIO,9,4044,40,44,18,0.0
_45_49_HOMBRES,1,4549,45,49,18,43664.0
_45_49_MUJERES,2,4549,45,49,18,44897.0
_45_49_NOBINARIO,9,4549,45,49,18,0.0
_50_54_HOMBRES,1,5054,50,54,18,41231.0
_50_54_MUJERES,2,5054,50,54,18,42097.0
_50_54_NOBINARIO,9,5054,50,54,18,0.0
_55_59_HOMBRES,1,5559,55,59,18,34173.0
_55_59_MUJERES,2,5559,55,59,18,36012.0
_55_59_NOBINARIO,9,5559,55,59,18,0.0
_60_64_HOMBRES,1,6064,60,64,18,28963.0
_60_64_MUJERES,2,6064,60,64,18,30937.0
_60_64_NOBINARIO,9,6064,60,64,18,0.0
_65_Y_MAS_HOMBRES,1,65,65,100,18,68691.0
_65_Y_MAS_MUJERES,2,65,65,100,18,75673.0
_65_Y_MAS_NOBINARIO,9,65,65,100,18,0.0
_18_HOMBRES,1,18,18,18,19,35841.0
_18_MUJERES,2,18,18,18,19,35063.0
_18_NOBINARIO,9,18,18,18,19,0.0
_19_HOMBRES,1,19,19,19,19,47388.0
_19_MUJERES,2,19,19,19,19,45955.0
_19_NOBINARIO,9,19,19,19,19,2.0
_20_24_HOMBRES,1,2024,20,24,19,261933.0
_20_24_MUJERES,2,2024,20,24,19,252222.0
_20_24_NOBINARIO,9,2024,20,24,19,2.0
_25_29_HOMBRES,1,2529,25,29,19,264999.0
_25_29_MUJERES,2,2529,25,29,19,249618.0
_25_29_NOBINARIO,9,2529,25,29,19,0.0
_30_34_HOMBRES,1,3034,30,34,19,260811.0
_30_34_MUJERES,2,3034,30,34,19,245238.0
_30_34_NOBINARIO,9,3034,30,34,19,3.0
_35_39_HOMBRES,1,3539,35,39,19,230044.0
_35_39_MUJERES,2,3539,35,39,19,218914.0
_35_39_NOBINARIO,9,3539,35,39,19,1.0
_40_44_HOMBRES,1,4044,40,44,19,220862.0
_40_44_MUJERES,2,4044,40,44,19,213874.0
_40_44_NOBINARIO,9,4044,40,44,19,1.0
_45_49_HOMBRES,1,4549,45,49,19,209041.0
_45_49_MUJERES,2,4549,45,49,19,208212.0
_45_49_NOBINARIO,9,4549,45,49,19,0.0
_50_54_HOMBRES,1,5054,50,54,19,195863.0
_50_54_MUJERES,2,5054,50,54,19,199279.0
_50_54_NOBINARIO,9,5054,50,54,19,0.0
_55_59_HOMBRES,1,5559,55,59,19,157024.0
_55_59_MUJERES,2,5559,55,59,19,165153.0
_55_59_NOBINARIO,9,5559,55,59,19,0.0
_60_64_HOMBRES,1,6064,60,64,19,123890.0
_60_64_MUJERES,2,6064,60,64,19,134085.0
_60_64_NOBINARIO,9,6064,60,64,19,0.0
_65_Y_MAS_HOMBRES,1,65,65,100,19,241995.0
_65_Y_MAS_MUJERES,2,65,65,100,19,296350.0
_65_Y_MAS_NOBINARIO,9,65,65,100,19,0.0
_18_HOMBRES,1,18,18,18,20,19903.0
_18_MUJERES,2,18,18,18,20,21138.0
_18_NOBINARIO,9,18,18,18,20,0.0
_19_HOMBRES,1,19,19,19,20,31867.0
_19_MUJERES,2,19,19,19,20,33695.0
_19_NOBINARIO,9,19,19,19,20,0.0
_20_24_HOMBRES,1,2024,20,24,20,174624.0
_20_24_MUJERES,2,2024,20,24,20,183000.0
_20_24_NOBINARIO,9,2024,20,24,20,0.0
_25_29_HOMBRES,1,2529,25,29,20,176124.0
_25_29_MUJERES,2,2529,25,29,20,187361.0
_25_29_NOBINARIO,9,2529,25,29,20,0.0
_30_34_HOMBRES,1,3034,30,34,20,164895.0
_30_34_MUJERES,2,3034,30,34,20,187476.0
_30_34_NOBINARIO,9,3034,30,34,20,0.0
_35_39_HOMBRES,1,3539,35,39,20,151469.0
_35_39_MUJERES,2,3539,35,39,20,171013.0
_35_39_NOBINARIO,9,3539,35,39,20,0.0
_40_44_HOMBRES,1,4044,40,44,20,144685.0
_40_44_MUJERES,2,4044,40,44,20,162513.0
_40_44_NOBINARIO,9,4044,40,44,20,0.0
_45_49_HOMBRES,1,4549,45,49,20,132294.0
_45_49_MUJERES,2,4549,45,49,20,150344.0
_45_49_NOBINARIO,9,4549,45,49,20,0.0
_50_54_HOMBRES,1,5054,50,54,20,116513.0
_50_54_MUJERES,2,5054,50,54,20,133672.0
_50_54_NOBINARIO,9,5054,50,54,20,0.0
_55_59_HOMBRES,1,5559,55,59,20,98060.0
_55_59_MUJERES,2,5559,55,59,20,114918.0
_55_59_NOBINARIO,9,5559,55,59,20,0.0
_60_64_HOMBRES,1,6064,60,64,20,84382.0
_60_64_MUJERES,2,6064,60,64,20,99465.0
_60_64_NOBINARIO,9,6064,60,64,20,0.0
_65_Y_MAS_HOMBRES,1,65,65,100,20,211595.0
_65_Y_MAS_MUJERES,2,65,65,100,20,255719.0
_65_Y_MAS_NOBINARIO,9,65,65,100,20,0.0
_18_HOMBRES,1,18,18,18,21,36519.0
_18_MUJERES,2,18,18,18,21,37871.0
_18_NOBINARIO,9,18,18,18,21,0.0
_19_HOMBRES,1,19,19,19,21,55594.0
_19_MUJERES,2,19,19,19,21,57672.0
_19_NOBINARIO,9,19,19,19,21,0.0
_20_24_HOMBRES,1,2024,20,24,21,311034.0
_20_24_MUJERES,2,2024,20,24,21,320699.0
_20_24_NOBINARIO,9,2024,20,24,21,1.0
_25_29_HOMBRES,1,2529,25,29,21,302012.0
_25_29_MUJERES,2,2529,25,29,21,311684.0
_25_29_NOBINARIO,9,2529,25,29,21,0.0
_30_34_HOMBRES,1,3034,30,34,21,275757.0
_30_34_MUJERES,2,3034,30,34,21,302811.0
_30_34_NOBINARIO,9,3034,30,34,21,0.0
_35_39_HOMBRES,1,3539,35,39,21,242741.0
_35_39_MUJERES,2,3539,35,39,21,273137.0
_35_39_NOBINARIO,9,3539,35,39,21,0.0
_40_44_HOMBRES,1,4044,40,44,21,227666.0
_40_44_MUJERES,2,4044,40,44,21,260275.0
_40_44_NOBINARIO,9,4044,40,44,21,0.0
_45_49_HOMBRES,1,4549,45,49,21,206897.0
_45_49_MUJERES,2,4549,45,49,21,239862.0
_45_49_NOBINARIO,9,4549,45,49,21,0.0
_50_54_HOMBRES,1,5054,50,54,21,181154.0
_50_54_MUJERES,2,5054,50,54,21,211932.0
_50_54_NOBINARIO,9,5054,50,54,21,0.0
_55_59_HOMBRES,1,5559,55,59,21,146320.0
_55_59_MUJERES,2,5559,55,59,21,177173.0
_55_59_NOBINARIO,9,5559,55,59,21,0.0
_60_64_HOMBRES,1,6064,60,64,21,120355.0
_60_64_MUJERES,2,6064,60,64,21,147025.0
_60_64_NOBINARIO,9,6064,60,64,21,0.0
_65_Y_MAS_HOMBRES,1,65,65,100,21,274320.0
_65_Y_MAS_MUJERES,2,65,65,100,21,353397.0
_65_Y_MAS_NOBINARIO,9,65,65,100,21,0.0
_18_HOMBRES,1,18,18,18,22,15378.0
_18_MUJERES,2,18,18,18,22,15687.0
_18_NOBINARIO,9,18,18,18,22,0.0
_19_HOMBRES,1,19,19,19,22,20662.0
_19_MUJERES,2,19,19,19,22,20887.0
_19_NOBINARIO,9,19,19,19,22,0.0
_20_24_HOMBRES,1,2024,20,24,22,111488.0
_20_24_MUJERES,2,2024,20,24,22,110852.0
_20_24_NOBINARIO,9,2024,20,24,22,1.0
_25_29_HOMBRES,1,2529,25,29,22,115192.0
_25_29_MUJERES,2,2529,25,29,22,111979.0
_25_29_NOBINARIO,9,2529,25,29,22,0.0
_30_34_HOMBRES,1,3034,30,34,22,117371.0
_30_34_MUJERES,2,3034,30,34,22,118178.0
_30_34_NOBINARIO,9,3034,30,34,22,1.0
_35_39_HOMBRES,1,3539,35,39,22,102860.0
_35_39_MUJERES,2,3539,35,39,22,105852.0
_35_39_NOBINARIO,9,3539,35,39,22,0.0
_40_44_HOMBRES,1,4044,40,44,22,93570.0
_40_44_MUJERES,2,4044,40,44,22,99744.0
_40_44_NOBINARIO,9,4044,40,44,22,0.0
_45_49_HOMBRES,1,4549,45,49,22,84009.0
_45_49_MUJERES,2,4549,45,49,22,91354.0
_45_49_NOBINARIO,9,4549,45,49,22,0.0
_50_54_HOMBRES,1,5054,50,54,22,74547.0
_50_54_MUJERES,2,5054,50,54,22,81868.0
_50_54_NOBINARIO,9,5054,50,54,22,0.0
_55_59_HOMBRES,1,5559,55,59,22,58228.0
_55_59_MUJERES,2,5559,55,59,22,65998.0
_55_59_NOBINARIO,9,5559,55,59,22,0.0
_60_64_HOMBRES,1,6064,60,64,22,46534.0
_60_64_MUJERES,2,6064,60,64,22,53328.0
_60_64_NOBINARIO,9,6064,60,64,22,0.0
_65_Y_MAS_HOMBRES,1,65,65,100,22,90420.0
_65_Y_MAS_MUJERES,2,65,65,100,22,113477.0
_65_Y_MAS_NOBINARIO,9,65,65,100,22,0.0
_18_HOMBRES,1,18,18,18,23,11582.0
_18_MUJERES,2,18,18,18,23,11717.0
_18_NOBINARIO,9,18,18,18,23,0.0
_19_HOMBRES,1,19,19,19,23,15513.0
_19_MUJERES,2,19,19,19,23,15248.0
_19_NOBINARIO,9,19,19,19,23,0.0
_20_24_HOMBRES,1,2024,20,24,23,85129.0
_20_24_MUJERES,2,2024,20,24,23,83458.0
_20_24_NOBINARIO,9,2024,20,24,23,0.0
_25_29_HOMBRES,1,2529,25,29,23,98085.0
_25_29_MUJERES,2,2529,25,29,23,93799.0
_25_29_NOBINARIO,9,2529,25,29,23,0.0
_30_34_HOMBRES,1,3034,30,34,23,106204.0
_30_34_MUJERES,2,3034,30,34,23,99903.0
_30_34_NOBINARIO,9,3034,30,34,23,0.0
_35_39_HOMBRES,1,3539,35,39,23,93264.0
_35_39_MUJERES,2,3539,35,39,23,88627.0
_35_39_NOBINARIO,9,3539,35,39,23,1.0
_40_44_HOMBRES,1,4044,40,44,23,80396.0
_40_44_MUJERES,2,4044,40,44,23,77225.0
_40_44_NOBINARIO,9,4044,40,44,23,0.0
_45_49_HOMBRES,1,4549,45,49,23,68442.0
_45_49_MUJERES,2,4549,45,49,23,67188.0
_45_49_NOBINARIO,9,4549,45,49,23,0.0
_50_54_HOMBRES,1,5054,50,54,23,58000.0
_50_54_MUJERES,2,5054,50,54,23,56811.0
_50_54_NOBINARIO,9,5054,50,54,23,0.0
_55_59_HOMBRES,1,5559,55,59,23,43950.0
_55_59_MUJERES,2,5559,55,59,23,43958.0
_55_59_NOBINARIO,9,5559,55,59,23,0.0
_60_64_HOMBRES,1,6064,60,64,23,31175.0
_60_64_MUJERES,2,6064,60,64,23,32310.0
_60_64_NOBINARIO,9,6064,60,64,23,0.0
_65_Y_MAS_HOMBRES,1,65,65,100,23,49573.0
_65_Y_MAS_MUJERES,2,65,65,100,23,54151.0
_65_Y_MAS_NOBINARIO,9,65,65,100,23,0.0
_18_HOMBRES,1,18,18,18,24,16806.0
_18_MUJERES,2,18,18,18,24,16786.0
_18_NOBINARIO,9,18,18,18,24,0.0
_19_HOMBRES,1,19,19,19,24,23553.0
_19_MUJERES,2,19,19,19,24,24201.0
_19_NOBINARIO,9,19,19,19,24,0.0
_20_24_HOMBRES,1,2024,20,24,24,128812.0
_20_24_MUJERES,2,2024,20,24,24,130623.0
_20_24_NOBINARIO,9,2024,20,24,24,0.0
_25_29_HOMBRES,1,2529,25,29,24,124710.0
_25_29_MUJERES,2,2529,25,29,24,126321.0
_25_29_NOBINARIO,9,2529,25,29,24,0.0
_30_34_HOMBRES,1,3034,30,34,24,117543.0
_30_34_MUJERES,2,3034,30,34,24,124429.0
_30_34_NOBINARIO,9,3034,30,34,24,0.0
_35_39_HOMBRES,1,3539,35,39,24,106033.0
_35_39_MUJERES,2,3539,35,39,24,113602.0
_35_39_NOBINARIO,9,3539,35,39,24,0.0
_40_44_HOMBRES,1,4044,40,44,24,99827.0
_40_44_MUJERES,2,4044,40,44,24,108055.0
_40_44_NOBINARIO,9,4044,40,44,24,0.0
_45_49_HOMBRES,1,4549,45,49,24,94535.0
_45_49_MUJERES,2,4549,45,49,24,101938.0
_45_49_NOBINARIO,9,4549,45,49,24,0.0
_50_54_HOMBRES,1,5054,50,54,24,86406.0
_50_54_MUJERES,2,5054,50,54,24,94378.0
_50_54_NOBINARIO,9,5054,50,54,24,0.0
_55_59_HOMBRES,1,5559,55,59,24,74211.0
_55_59_MUJERES,2,5559,55,59,24,82365.0
_55_59_NOBINARIO,9,5559,55,59,24,0.0
_60_64_HOMBRES,1,6064,60,64,24,62377.0
_60_64_MUJERES,2,6064,60,64,24,69667.0
_60_64_NOBINARIO,9,6064,60,64,24,0.0
_65_Y_MAS_HOMBRES,1,65,65,100,24,148279.0
_65_Y_MAS_MUJERES,2,65,65,100,24,168329.0
_65_Y_MAS_NOBINARIO,9,65,65,100,24,0.0
_18_HOMBRES,1,18,18,18,25,17560.0
_18_MUJERES,2,18,18,18,25,18082.0
_18_NOBINARIO,9,18,18,18,25,0.0
_19_HOMBRES,1,19,19,19,25,25038.0
_19_MUJERES,2,19,19,19,25,25162.0
_19_NOBINARIO,9,19,19,19,25,0.0
_20_24_HOMBRES,1,2024,20,24,25,133940.0
_20_24_MUJERES,2,2024,20,24,25,134426.0
_20_24_NOBINARIO,9,2024,20,24,25,0.0
_25_29_HOMBRES,1,2529,25,29,25,132573.0
_25_29_MUJERES,2,2529,25,29,25,132029.0
_25_29_NOBINARIO,9,2529,25,29,25,0.0
_30_34_HOMBRES,1,3034,30,34,25,121442.0
_30_34_MUJERES,2,3034,30,34,25,124955.0
_30_34_NOBINARIO,9,3034,30,34,25,0.0
_35_39_HOMBRES,1,3539,35,39,25,111327.0
_35_39_MUJERES,2,3539,35,39,25,114763.0
_35_39_NOBINARIO,9,3539,35,39,25,0.0
_40_44_HOMBRES,1,4044,40,44,25,104838.0
_40_44_MUJERES,2,4044,40,44,25,109096.0
_40_44_NOBINARIO,9,4044,40,44,25,0.0
_45_49_HOMBRES,1,4549,45,49,25,104564.0
_45_49_MUJERES,2,4549,45,49,25,109618.0
_45_49_NOBINARIO,9,4549,45,49,25,0.0
_50_54_HOMBRES,1,5054,50,54,25,99133.0
_50_54_MUJERES,2,5054,50,54,25,105247.0
_50_54_NOBINARIO,9,5054,50,54,25,0.0
_55_59_HOMBRES,1,5559,55,59,25,83498.0
_55_59_MUJERES,2,5559,55,59,25,91205.0
_55_59_NOBINARIO,9,5559,55,59,25,0.0
_60_64_HOMBRES,1,6064,60,64,25,69911.0
_60_64_MUJERES,2,6064,60,64,25,78346.0
_60_64_NOBINARIO,9,6064,60,64,25,0.0
_65_Y_MAS_HOMBRES,1,65,65,100,25,161253.0
_65_Y_MAS_MUJERES,2,65,65,100,25,186745.0
_65_Y_MAS_NOBINARIO,9,65,65,100,25,0.0
_18_HOMBRES,1,18,18,18,26,18395.0
_18_MUJERES,2,18,18,18,26,18864.0
_18_NOBINARIO,9,18,18,18,26,0.0
_19_HOMBRES,1,19,19,19,26,24035.0
_19_MUJERES,2,19,19,19,26,23964.0
_19_NOBINARIO,9,19,19,19,26,0.0
_20_24_HOMBRES,1,2024,20,24,26,130763.0
_20_24_MUJERES,2,2024,20,24,26,129099.0
_20_24_NOBINARIO,9,2024,20,24,26,0.0
_25_29_HOMBRES,1,2529,25,29,26,129755.0
_25_29_MUJERES,2,2529,25,29,26,126392.0
_25_29_NOBINARIO,9,2529,25,29,26,0.0
_30_34_HOMBRES,1,3034,30,34,26,121131.0
_30_34_MUJERES,2,3034,30,34,26,119942.0
_30_34_NOBINARIO,9,3034,30,34,26,1.0
_35_39_HOMBRES,1,3539,35,39,26,111673.0
_35_39_MUJERES,2,3539,35,39,26,110497.0
_35_39_NOBINARIO,9,3539,35,39,26,0.0
_40_44_HOMBRES,1,4044,40,44,26,107044.0
_40_44_MUJERES,2,4044,40,44,26,107760.0
_40_44_NOBINARIO,9,4044,40,44,26,0.0
_45_49_HOMBRES,1,4549,45,49,26,104916.0
_45_49_MUJERES,2,4549,45,49,26,106412.0
_45_49_NOBINARIO,9,4549,45,49,26,0.0
_50_54_HOMBRES,1,5054,50,54,26,98800.0
_50_54_MUJERES,2,5054,50,54,26,101561.0
_50_54_NOBINARIO,9,5054,50,54,26,0.0
_55_59_HOMBRES,1,5559,55,59,26,83063.0
_55_59_MUJERES,2,5559,55,59,26,87507.0
_55_59_NOBINARIO,9,5559,55,59,26,1.0
_60_64_HOMBRES,1,6064,60,64,26,69808.0
_60_64_MUJERES,2,6064,60,64,26,75415.0
_60_64_NOBINARIO,9,6064,60,64,26,0.0
_65_Y_MAS_HOMBRES,1,65,65,100,26,143368.0
_65_Y_MAS_MUJERES,2,65,65,100,26,167091.0
_65_Y_MAS_NOBINARIO,9,65,65,100,26,0.0
_18_HOMBRES,1,18,18,18,27,16196.0
_18_MUJERES,2,18,18,18,27,16093.0
_18_NOBINARIO,9,18,18,18,27,0.0
_19_HOMBRES,1,19,19,19,27,21066.0
_19_MUJERES,2,19,19,19,27,21283.0
_19_NOBINARIO,9,19,19,19,27,0.0
_20_24_HOMBRES,1,2024,20,24,27,105824.0
_20_24_MUJERES,2,2024,20,24,27,107065.0
_20_24_NOBINARIO,9,2024,20,24,27,1.0
_25_29_HOMBRES,1,2529,25,29,27,96933.0
_25_29_MUJERES,2,2529,25,29,27,100905.0
_25_29_NOBINARIO,9,2529,25,29,27,0.0
_30_34_HOMBRES,1,3034,30,34,27,93979.0
_30_34_MUJERES,2,3034,30,34,27,102027.0
_30_34_NOBINARIO,9,3034,30,34,27,0.0
_35_39_HOMBRES,1,3539,35,39,27,91002.0
_35_39_MUJERES,2,3539,35,39,27,100082.0
_35_39_NOBINARIO,9,3539,35,39,27,0.0
_40_44_HOMBRES,1,4044,40,44,27,86563.0
_40_44_MUJERES,2,4044,40,44,27,96394.0
_40_44_NOBINARIO,9,4044,40,44,27,0.0
_45_49_HOMBRES,1,4549,45,49,27,80423.0
_45_49_MUJERES,2,4549,45,49,27,89823.0
_45_49_NOBINARIO,9,4549,45,49,27,0.0
_50_54_HOMBRES,1,5054,50,54,27,71319.0
_50_54_MUJERES,2,5054,50,54,27,79151.0
_50_54_NOBINARIO,9,5054,50,54,27,0.0
_55_59_HOMBRES,1,5559,55,59,27,59569.0
_55_59_MUJERES,2,5559,55,59,27,65145.0
_55_59_NOBINARIO,9,5559,55,59,27,0.0
_60_64_HOMBRES,1,6064,60,64,27,51140.0
_60_64_MUJERES,2,6064,60,64,27,54735.0
_60_64_NOBINARIO,9,6064,60,64,27,0.0
_65_Y_MAS_HOMBRES,1,65,65,100,27,101200.0
_65_Y_MAS_MUJERES,2,65,65,100,27,112668.0
_65_Y_MAS_NOBINARIO,9,65,65,100,27,0.0
_18_HOMBRES,1,18,18,18,28,22489.0
_18_MUJERES,2,18,18,18,28,22570.0
_18_NOBINARIO,9,18,18,18,28,0.0
_19_HOMBRES,1,19,19,19,28,29176.0
_19_MUJERES,2,19,19,19,28,29021.0
_19_NOBINARIO,9,19,19,19,28,0.0
_20_24_HOMBRES,1,2024,20,24,28,157402.0
_20_24_MUJERES,2,2024,20,24,28,155400.0
_20_24_NOBINARIO,9,2024,20,24,28,1.0
_25_29_HOMBRES,1,2529,25,29,28,155901.0
_25_29_MUJERES,2,2529,25,29,28,152120.0
_25_29_NOBINARIO,9,2529,25,29,28,1.0
_30_34_HOMBRES,1,3034,30,34,28,146645.0
_30_34_MUJERES,2,3034,30,34,28,147393.0
_30_34_NOBINARIO,9,3034,30,34,28,0.0
_35_39_HOMBRES,1,3539,35,39,28,138098.0
_35_39_MUJERES,2,3539,35,39,28,140427.0
_35_39_NOBINARIO,9,3539,35,39,28,0.0
_40_44_HOMBRES,1,4044,40,44,28,134849.0
_40_44_MUJERES,2,4044,40,44,28,140108.0
_40_44_NOBINARIO,9,4044,40,44,28,0.0
_45_49_HOMBRES,1,4549,45,49,28,131886.0
_45_49_MUJERES,2,4549,45,49,28,138487.0
_45_49_NOBINARIO,9,4549,45,49,28,0.0
_50_54_HOMBRES,1,5054,50,54,28,124060.0
_50_54_MUJERES,2,5054,50,54,28,132370.0
_50_54_NOBINARIO,9,5054,50,54,28,0.0
_55_59_HOMBRES,1,5559,55,59,28,104657.0
_55_59_MUJERES,2,5559,55,59,28,113847.0
_55_59_NOBINARIO,9,5559,55,59,28,0.0
_60_64_HOMBRES,1,6064,60,64,28,85771.0
_60_64_MUJERES,2,6064,60,64,28,95506.0
_60_64_NOBINARIO,9,6064,60,64,28,0.0
_65_Y_MAS_HOMBRES,1,65,65,100,28,180868.0
_65_Y_MAS_MUJERES,2,65,65,100,28,218835.0
_65_Y_MAS_NOBINARIO,9,65,65,100,28,0.0
_18_HOMBRES,1,18,18,18,29,9067.0
_18_MUJERES,2,18,18,18,29,8923.0
_18_NOBINARIO,9,18,18,18,29,0.0
_19_HOMBRES,1,19,19,19,29,12323.0
_19_MUJERES,2,19,19,19,29,12314.0
_19_NOBINARIO,9,19,19,19,29,0.0
_20_24_HOMBRES,1,2024,20,24,29,65912.0
_20_24_MUJERES,2,2024,20,24,29,65539.0
_20_24_NOBINARIO,9,2024,20,24,29,1.0
_25_29_HOMBRES,1,2529,25,29,29,61835.0
_25_29_MUJERES,2,2529,25,29,29,62235.0
_25_29_NOBINARIO,9,2529,25,29,29,0.0
_30_34_HOMBRES,1,3034,30,34,29,57236.0
_30_34_MUJERES,2,3034,30,34,29,60348.0
_30_34_NOBINARIO,9,3034,30,34,29,0.0
_35_39_HOMBRES,1,3539,35,39,29,51082.0
_35_39_MUJERES,2,3539,35,39,29,56277.0
_35_39_NOBINARIO,9,3539,35,39,29,0.0
_40_44_HOMBRES,1,4044,40,44,29,48449.0
_40_44_MUJERES,2,4044,40,44,29,55343.0
_40_44_NOBINARIO,9,4044,40,44,29,0.0
_45_49_HOMBRES,1,4549,45,49,29,45227.0
_45_49_MUJERES,2,4549,45,49,29,51723.0
_45_49_NOBINARIO,9,4549,45,49,29,0.0
_50_54_HOMBRES,1,5054,50,54,29,38964.0
_50_54_MUJERES,2,5054,50,54,29,45326.0
_50_54_NOBINARIO,9,5054,50,54,29,0.0
_55_59_HOMBRES,1,5559,55,59,29,31886.0
_55_59_MUJERES,2,5559,55,59,29,37512.0
_55_59_NOBINARIO,9,5559,55,59,29,0.0
_60_64_HOMBRES,1,6064,60,64,29,25708.0
_60_64_MUJERES,2,6064,60,64,29,30436.0
_60_64_NOBINARIO,9,6064,60,64,29,0.0
_65_Y_MAS_HOMBRES,1,65,65,100,29,53620.0
_65_Y_MAS_MUJERES,2,65,65,100,29,66251.0
_65_Y_MAS_NOBINARIO,9,65,65,100,29,0.0
_18_HOMBRES,1,18,18,18,30,21876.0
_18_MUJERES,2,18,18,18,30,22416.0
_18_NOBINARIO,9,18,18,18,30,0.0
_19_HOMBRES,1,19,19,19,30,31867.0
_19_MUJERES,2,19,19,19,30,31784.0
_19_NOBINARIO,9,19,19,19,30,1.0
_20_24_HOMBRES,1,2024,20,24,30,174648.0
_20_24_MUJERES,2,2024,20,24,30,175591.0
_20_24_NOBINARIO,9,2024,20,24,30,0.0
_25_29_HOMBRES,1,2529,25,29,30,161892.0
_25_29_MUJERES,2,2529,25,29,30,166437.0
_25_29_NOBINARIO,9,2529,25,29,30,0.0
_30_34_HOMBRES,1,3034,30,34,30,152992.0
_30_34_MUJERES,2,3034,30,34,30,167311.0
_30_34_NOBINARIO,9,3034,30,34,30,0.0
_35_39_HOMBRES,1,3539,35,39,30,144795.0
_35_39_MUJERES,2,3539,35,39,30,159941.0
_35_39_NOBINARIO,9,3539,35,39,30,0.0
_40_44_HOMBRES,1,4044,40,44,30,140811.0
_40_44_MUJERES,2,4044,40,44,30,155522.0
_40_44_NOBINARIO,9,4044,40,44,30,0.0
_45_49_HOMBRES,1,4549,45,49,30,134666.0
_45_49_MUJERES,2,4549,45,49,30,152222.0
_45_49_NOBINARIO,9,4549,45,49,30,0.0
_50_54_HOMBRES,1,5054,50,54,30,129147.0
_50_54_MUJERES,2,5054,50,54,30,146679.0
_50_54_NOBINARIO,9,5054,50,54,30,0.0
_55_59_HOMBRES,1,5559,55,59,30,115364.0
_55_59_MUJERES,2,5559,55,59,30,131778.0
_55_59_NOBINARIO,9,5559,55,59,30,0.0
_60_64_HOMBRES,1,6064,60,64,30,97868.0
_60_64_MUJERES,2,6064,60,64,30,111210.0
_60_64_NOBINARIO,9,6064,60,64,30,0.0
_65_Y_MAS_HOMBRES,1,65,65,100,30,231124.0
_65_Y_MAS_MUJERES,2,65,65,100,30,273542.0
_65_Y_MAS_NOBINARIO,9,65,65,100,30,0.0
_18_HOMBRES,1,18,18,18,30,20612.0
_18_MUJERES,2,18,18,18,30,20867.0
_18_NOBINARIO,9,18,18,18,30,0.0
_19_HOMBRES,1,19,19,19,30,29301.0
_19_MUJERES,2,19,19,19,30,29761.0
_19_NOBINARIO,9,19,19,19,30,0.0
_20_24_HOMBRES,1,2024,20,24,30,160698.0
_20_24_MUJERES,2,2024,20,24,30,163574.0
_20_24_NOBINARIO,9,2024,20,24,30,1.0
_25_29_HOMBRES,1,2529,25,29,30,151618.0
_25_29_MUJERES,2,2529,25,29,30,157771.0
_25_29_NOBINARIO,9,2529,25,29,30,0.0
_30_34_HOMBRES,1,3034,30,34,30,143256.0
_30_34_MUJERES,2,3034,30,34,30,158415.0
_30_34_NOBINARIO,9,3034,30,34,30,1.0
_35_39_HOMBRES,1,3539,35,39,30,133425.0
_35_39_MUJERES,2,3539,35,39,30,150992.0
_35_39_NOBINARIO,9,3539,35,39,30,0.0
_40_44_HOMBRES,1,4044,40,44,30,126763.0
_40_44_MUJERES,2,4044,40,44,30,146088.0
_40_44_NOBINARIO,9,4044,40,44,30,0.0
_45_49_HOMBRES,1,4549,45,49,30,118915.0
_45_49_MUJERES,2,4549,45,49,30,138918.0
_45_49_NOBINARIO,9,4549,45,49,30,1.0
_50_54_HOMBRES,1,5054,50,54,30,113139.0
_50_54_MUJERES,2,5054,50,54,30,132166.0
_50_54_NOBINARIO,9,5054,50,54,30,0.0
_55_59_HOMBRES,1,5559,55,59,30,99578.0
_55_59_MUJERES,2,5559,55,59,30,116267.0
_55_59_NOBINARIO,9,5559,55,59,30,0.0
_60_64_HOMBRES,1,6064,60,64,30,85427.0
_60_64_MUJERES,2,6064,60,64,30,99258.0
_60_64_NOBINARIO,9,6064,60,64,30,0.0
_65_Y_MAS_HOMBRES,1,65,65,100,30,191729.0
_65_Y_MAS_MUJERES,2,65,65,100,30,234342.0
_65_Y_MAS_NOBINARIO,9,65,65,100,30,0.0
_18_HOMBRES,1,18,18,18,31,13986.0
_18_MUJERES,2,18,18,18,31,14538.0
_18_NOBINARIO,9,18,18,18,31,0.0
_19_HOMBRES,1,19,19,19,31,18749.0
_19_MUJERES,2,19,19,19,31,18888.0
_19_NOBINARIO,9,19,19,19,31,0.0
_20_24_HOMBRES,1,2024,20,24,31,100315.0
_20_24_MUJERES,2,2024,20,24,31,99612.0
_20_24_NOBINARIO,9,2024,20,24,31,0.0
_25_29_HOMBRES,1,2529,25,29,31,99211.0
_25_29_MUJERES,2,2529,25,29,31,97208.0
_25_29_NOBINARIO,9,2529,25,29,31,0.0
_30_34_HOMBRES,1,3034,30,34,31,97911.0
_30_34_MUJERES,2,3034,30,34,31,99619.0
_30_34_NOBINARIO,9,3034,30,34,31,0.0
_35_39_HOMBRES,1,3539,35,39,31,91438.0
_35_39_MUJERES,2,3539,35,39,31,94442.0
_35_39_NOBINARIO,9,3539,35,39,31,0.0
_40_44_HOMBRES,1,4044,40,44,31,84403.0
_40_44_MUJERES,2,4044,40,44,31,88412.0
_40_44_NOBINARIO,9,4044,40,44,31,0.0
_45_49_HOMBRES,1,4549,45,49,31,78942.0
_45_49_MUJERES,2,4549,45,49,31,84523.0
_45_49_NOBINARIO,9,4549,45,49,31,0.0
_50_54_HOMBRES,1,5054,50,54,31,68308.0
_50_54_MUJERES,2,5054,50,54,31,74170.0
_50_54_NOBINARIO,9,5054,50,54,31,0.0
_55_59_HOMBRES,1,5559,55,59,31,55450.0
_55_59_MUJERES,2,5559,55,59,31,61593.0
_55_59_NOBINARIO,9,5559,55,59,31,0.0
_60_64_HOMBRES,1,6064,60,64,31,46113.0
_60_64_MUJERES,2,6064,60,64,31,51946.0
_60_64_NOBINARIO,9,6064,60,64,31,0.0
_65_Y_MAS_HOMBRES,1,65,65,100,31,108428.0
_65_Y_MAS_MUJERES,2,65,65,100,31,125661.0
_65_Y_MAS_NOBINARIO,9,65,65,100,31,0.0
_18_HOMBRES,1,18,18,18,32,9131.0
_18_MUJERES,2,18,18,18,32,9468.0
_18_NOBINARIO,9,18,18,18,32,0.0
_19_HOMBRES,1,19,19,19,32,13056.0
_19_MUJERES,2,19,19,19,32,13521.0
_19_NOBINARIO,9,19,19,19,32,0.0
_20_24_HOMBRES,1,2024,20,24,32,70223.0
_20_24_MUJERES,2,2024,20,24,32,72167.0
_20_24_NOBINARIO,9,2024,20,24,32,0.0
_25_29_HOMBRES,1,2529,25,29,32,69514.0
_25_29_MUJERES,2,2529,25,29,32,70855.0
_25_29_NOBINARIO,9,2529,25,29,32,0.0
_30_34_HOMBRES,1,3034,30,34,32,63557.0
_30_34_MUJERES,2,3034,30,34,32,68635.0
_30_34_NOBINARIO,9,3034,30,34,32,0.0
_35_39_HOMBRES,1,3539,35,39,32,62013.0
_35_39_MUJERES,2,3539,35,39,32,67210.0
_35_39_NOBINARIO,9,3539,35,39,32,0.0
_40_44_HOMBRES,1,4044,40,44,32,57912.0
_40_44_MUJERES,2,4044,40,44,32,62160.0
_40_44_NOBINARIO,9,4044,40,44,32,0.0
_45_49_HOMBRES,1,4549,45,49,32,57862.0
_45_49_MUJERES,2,4549,45,49,32,61971.0
_45_49_NOBINARIO,9,4549,45,49,32,0.0
_50_54_HOMBRES,1,5054,50,54,32,55369.0
_50_54_MUJERES,2,5054,50,54,32,58015.0
_50_54_NOBINARIO,9,5054,50,54,32,0.0
_55_59_HOMBRES,1,5559,55,59,32,49162.0
_55_59_MUJERES,2,5559,55,59,32,52222.0
_55_59_NOBINARIO,9,5559,55,59,32,0.0
_60_64_HOMBRES,1,6064,60,64,32,40524.0
_60_64_MUJERES,2,6064,60,64,32,43644.0
_60_64_NOBINARIO,9,6064,60,64,32,0.0
_65_Y_MAS_HOMBRES,1,65,65,100,32,96037.0
_65_Y_MAS_MUJERES,2,65,65,100,32,102649.0
_65_Y_MAS_NOBINARIO,9,65,65,100,32,0.0
