columnas,genero,indice_gap,min,max,estado,total
_18_HOMBRES,1,18,18,18,1,10387
_18_MUJERES,2,18,18,18,1,10664
_18_NOBINARIO,9,18,18,18,1,0
_19_HOMBRES,1,19,19,19,1,12835
_19_MUJERES,2,19,19,19,1,13044
_19_NOBINARIO,9,19,19,19,1,0
_20_24_HOMBRES,1,2024,20,24,1,69303
_20_24_MUJERES,2,2024,20,24,1,68883
_20_24_NOBINARIO,9,2024,20,24,1,2
_25_29_HOMBRES,1,2529,25,29,1,65897
_25_29_MUJERES,2,2529,25,29,1,65990
_25_29_NOBINARIO,9,2529,25,29,1,0
_30_34_HOMBRES,1,3034,30,34,1,61308
_30_34_MUJERES,2,3034,30,34,1,63273
_30_34_NOBINARIO,9,3034,30,34,1,0
_35_39_HOMBRES,1,3539,35,39,1,52311
_35_39_MUJERES,2,3539,35,39,1,55450
_35_39_NOBINARIO,9,3539,35,39,1,1
_40_44_HOMBRES,1,4044,40,44,1,48217
_40_44_MUJERES,2,4044,40,44,1,51997
_40_44_NOBINARIO,9,4044,40,44,1,0
_45_49_HOMBRES,1,4549,45,49,1,44140
_45_49_MUJERES,2,4549,45,49,1,48696
_45_49_NOBINARIO,9,4549,45,49,1,0
_50_54_HOMBRES,1,5054,50,54,1,40402
_50_54_MUJERES,2,5054,50,54,1,45820
_50_54_NOBINARIO,9,5054,50,54,1,0
_55_59_HOMBRES,1,5559,55,59,1,33900
_55_59_MUJERES,2,5559,55,59,1,38964
_55_59_NOBINARIO,9,5559,55,59,1,0
_60_64_HOMBRES,1,6064,60,64,1,27808
_60_64_MUJERES,2,6064,60,64,1,32236
_60_64_NOBINARIO,9,6064,60,64,1,0
_65_Y_MAS_HOMBRES,1,65,65,100,1,55844
_65_Y_MAS_MUJERES,2,65,65,100,1,68515
_65_Y_MAS_NOBINARIO,9,65,65,100,1,0
_18_HOMBRES,1,18,18,18,2,23866
_18_MUJERES,2,18,18,18,2,23817
_18_NOBINARIO,9,18,18,18,2,0
_19_HOMBRES,1,19,19,19,2,32770
_19_MUJERES,2,19,19,19,2,31571
_19_NOBINARIO,9,19,19,19,2,0
_20_24_HOMBRES,1,2024,20,24,2,181421
_20_24_MUJERES,2,2024,20,24,2,174487
_20_24_NOBINARIO,9,2024,20,24,2,2
_25_29_HOMBRES,1,2529,25,29,2,195165
_25_29_MUJERES,2,2529,25,29,2,184162
_25_29_NOBINARIO,9,2529,25,29,2,1
_30_34_HOMBRES,1,3034,30,34,2,185374
_30_34_MUJERES,2,3034,30,34,2,177257
_30_34_NOBINARIO,9,3034,30,34,2,1
_35_39_HOMBRES,1,3539,35,39,2,165475
_35_39_MUJERES,2,3539,35,39,2,160568
_35_39_NOBINARIO,9,3539,35,39,2,0
_40_44_HOMBRES,1,4044,40,44,2,154735
_40_44_MUJERES,2,4044,40,44,2,151397
_40_44_NOBINARIO,9,4044,40,44,2,0
_45_49_HOMBRES,1,4549,45,49,2,149860
_45_49_MUJERES,2,4549,45,49,2,149150
_45_49_NOBINARIO,9,4549,45,49,2,0
_50_54_HOMBRES,1,5054,50,54,2,144696
_50_54_MUJERES,2,5054,50,54,2,142741
_50_54_NOBINARIO,9,5054,50,54,2,0
_55_59_HOMBRES,1,5559,55,59,2,116842
_55_59_MUJERES,2,5559,55,59,2,119048
_55_59_NOBINARIO,9,5559,55,59,2,0
_60_64_HOMBRES,1,6064,60,64,2,91243
_60_64_MUJERES,2,6064,60,64,2,97925
_60_64_NOBINARIO,9,6064,60,64,2,0
_65_Y_MAS_HOMBRES,1,65,65,100,2,167878
_65_Y_MAS_MUJERES,2,65,65,100,2,205577
_65_Y_MAS_NOBINARIO,9,65,65,100,2,0
_18_HOMBRES,1,18,18,18,3,4611
_18_MUJERES,2,18,18,18,3,4468
_18_NOBINARIO,9,18,18,18,3,0
_19_HOMBRES,1,19,19,19,3,6984
_19_MUJERES,2,19,19,19,3,6406
_19_NOBINARIO,9,19,19,19,3,0
_20_24_HOMBRES,1,2024,20,24,3,36379
_20_24_MUJERES,2,2024,20,24,3,33973
_20_24_NOBINARIO,9,2024,20,24,3,0
_25_29_HOMBRES,1,2529,25,29,3,36930
_25_29_MUJERES,2,2529,25,29,3,34133
_25_29_NOBINARIO,9,2529,25,29,3,0
_30_34_HOMBRES,1,3034,30,34,3,38123
_30_34_MUJERES,2,3034,30,34,3,35532
_30_34_NOBINARIO,9,3034,30,34,3,0
_35_39_HOMBRES,1,3539,35,39,3,35583
_35_39_MUJERES,2,3539,35,39,3,33227
_35_39_NOBINARIO,9,3539,35,39,3,0
_40_44_HOMBRES,1,4044,40,44,3,33600
_40_44_MUJERES,2,4044,40,44,3,31198
_40_44_NOBINARIO,9,4044,40,44,3,0
_45_49_HOMBRES,1,4549,45,49,3,30239
_45_49_MUJERES,2,4549,45,49,3,28863
_45_49_NOBINARIO,9,4549,45,49,3,0
_50_54_HOMBRES,1,5054,50,54,3,26604
_50_54_MUJERES,2,5054,50,54,3,25205
_50_54_NOBINARIO,9,5054,50,54,3,0
_55_59_HOMBRES,1,5559,55,59,3,20604
_55_59_MUJERES,2,5559,55,59,3,20238
_55_59_NOBINARIO,9,5559,55,59,3,0
_60_64_HOMBRES,1,6064,60,64,3,16098
_60_64_MUJERES,2,6064,60,64,3,16489
_60_64_NOBINARIO,9,6064,60,64,3,0
_65_Y_MAS_HOMBRES,1,65,65,100,3,28792
_65_Y_MAS_MUJERES,2,65,65,100,3,31498
_65_Y_MAS_NOBINARIO,9,65,65,100,3,0
_18_HOMBRES,1,18,18,18,4,5627
_18_MUJERES,2,18,18,18,4,5571
_18_NOBINARIO,9,18,18,18,4,0
_19_HOMBRES,1,19,19,19,4,7566
_19_MUJERES,2,19,19,19,4,7434
_19_NOBINARIO,9,19,19,19,4,0
_20_24_HOMBRES,1,2024,20,24,4,39095
_20_24_MUJERES,2,2024,20,24,4,39082
_20_24_NOBINARIO,9,2024,20,24,4,0
_25_29_HOMBRES,1,2529,25,29,4,39431
_25_29_MUJERES,2,2529,25,29,4,39391
_25_29_NOBINARIO,9,2529,25,29,4,0
_30_34_HOMBRES,1,3034,30,34,4,38554
_30_34_MUJERES,2,3034,30,34,4,40246
_30_34_NOBINARIO,9,3034,30,34,4,0
_35_39_HOMBRES,1,3539,35,39,4,36596
_35_39_MUJERES,2,3539,35,39,4,38395
_35_39_NOBINARIO,9,3539,35,39,4,0
_40_44_HOMBRES,1,4044,40,44,4,33572
_40_44_MUJERES,2,4044,40,44,4,36029
_40_44_NOBINARIO,9,4044,40,44,4,0
_45_49_HOMBRES,1,4549,45,49,4,31445
_45_49_MUJERES,2,4549,45,49,4,33343
_45_49_NOBINARIO,9,4549,45,49,4,0
_50_54_HOMBRES,1,5054,50,54,4,27819
_50_54_MUJERES,2,5054,50,54,4,29172
_50_54_NOBINARIO,9,5054,50,54,4,0
_55_59_HOMBRES,1,5559,55,59,4,23231
_55_59_MUJERES,2,5559,55,59,4,24304
_55_59_NOBINARIO,9,5559,55,59,4,0
_60_64_HOMBRES,1,6064,60,64,4,18963
_60_64_MUJERES,2,6064,60,64,4,20020
_60_64_NOBINARIO,9,6064,60,64,4,0
_65_Y_MAS_HOMBRES,1,65,65,100,4,39998
_65_Y_MAS_MUJERES,2,65,65,100,4,43026
_65_Y_MAS_NOBINARIO,9,65,65,100,4,0
_18_HOMBRES,1,18,18,18,5,21763
_18_MUJERES,2,18,18,18,5,21168
_18_NOBINARIO,9,18,18,18,5,0
_19_HOMBRES,1,19,19,19,5,26505
_19_MUJERES,2,19,19,19,5,25935
_19_NOBINARIO,9,19,19,19,5,0
_20_24_HOMBRES,1,2024,20,24,5,144981
_20_24_MUJERES,2,2024,20,24,5,141598
_20_24_NOBINARIO,9,2024,20,24,5,0
_25_29_HOMBRES,1,2529,25,29,5,140951
_25_29_MUJERES,2,2529,25,29,5,137241
_25_29_NOBINARIO,9,2529,25,29,5,0
_30_34_HOMBRES,1,3034,30,34,5,131420
_30_34_MUJERES,2,3034,30,34,5,129251
_30_34_NOBINARIO,9,3034,30,34,5,0
_35_39_HOMBRES,1,3539,35,39,5,116696
_35_39_MUJERES,2,3539,35,39,5,116120
_35_39_NOBINARIO,9,3539,35,39,5,0
_40_44_HOMBRES,1,4044,40,44,5,113029
_40_44_MUJERES,2,4044,40,44,5,113329
_40_44_NOBINARIO,9,4044,40,44,5,0
_45_49_HOMBRES,1,4549,45,49,5,112056
_45_49_MUJERES,2,4549,45,49,5,115910
_45_49_NOBINARIO,9,4549,45,49,5,0
_50_54_HOMBRES,1,5054,50,54,5,103896
_50_54_MUJERES,2,5054,50,54,5,109099
_50_54_NOBINARIO,9,5054,50,54,5,0
_55_59_HOMBRES,1,5559,55,59,5,85150
_55_59_MUJERES,2,5559,55,59,5,91760
_55_59_NOBINARIO,9,5559,55,59,5,0
_60_64_HOMBRES,1,6064,60,64,5,69744
_60_64_MUJERES,2,6064,60,64,5,76328
_60_64_NOBINARIO,9,6064,60,64,5,0
_65_Y_MAS_HOMBRES,1,65,65,100,5,137272
_65_Y_MAS_MUJERES,2,65,65,100,5,160442
_65_Y_MAS_NOBINARIO,9,65,65,100,5,0
_18_HOMBRES,1,18,18,18,6,4491
_18_MUJERES,2,18,18,18,6,4406
_18_NOBINARIO,9,18,18,18,6,0
_19_HOMBRES,1,19,19,19,6,6088
_19_MUJERES,2,19,19,19,6,6053
_19_NOBINARIO,9,19,19,19,6,0
_20_24_HOMBRES,1,2024,20,24,6,31514
_20_24_MUJERES,2,2024,20,24,6,31196
_20_24_NOBINARIO,9,2024,20,24,6,0
_25_29_HOMBRES,1,2529,25,29,6,31379
_25_29_MUJERES,2,2529,25,29,6,31225
_25_29_NOBINARIO,9,2529,25,29,6,0
_30_34_HOMBRES,1,3034,30,34,6,30905
_30_34_MUJERES,2,3034,30,34,6,31172
_30_34_NOBINARIO,9,3034,30,34,6,0
_35_39_HOMBRES,1,3539,35,39,6,29476
_35_39_MUJERES,2,3539,35,39,6,30809
_35_39_NOBINARIO,9,3539,35,39,6,0
_40_44_HOMBRES,1,4044,40,44,6,27374
_40_44_MUJERES,2,4044,40,44,6,28746
_40_44_NOBINARIO,9,4044,40,44,6,0
_45_49_HOMBRES,1,4549,45,49,6,26614
_45_49_MUJERES,2,4549,45,49,6,27935
_45_49_NOBINARIO,9,4549,45,49,6,0
_50_54_HOMBRES,1,5054,50,54,6,24882
_50_54_MUJERES,2,5054,50,54,6,26437
_50_54_NOBINARIO,9,5054,50,54,6,0
_55_59_HOMBRES,1,5559,55,59,6,21189
_55_59_MUJERES,2,5559,55,59,6,22908
_55_59_NOBINARIO,9,5559,55,59,6,0
_60_64_HOMBRES,1,6064,60,64,6,18455
_60_64_MUJERES,2,6064,60,64,6,19896
_60_64_NOBINARIO,9,6064,60,64,6,0
_65_Y_MAS_HOMBRES,1,65,65,100,6,38761
_65_Y_MAS_MUJERES,2,65,65,100,6,44072
_65_Y_MAS_NOBINARIO,9,65,65,100,6,0
_18_HOMBRES,1,18,18,18,7,27717
_18_MUJERES,2,18,18,18,7,28892
_18_NOBINARIO,9,18,18,18,7,0
_19_HOMBRES,1,19,19,19,7,46837
_19_MUJERES,2,19,19,19,7,49460
_19_NOBINARIO,9,19,19,19,7,0
_20_24_HOMBRES,1,2024,20,24,7,267230
_20_24_MUJERES,2,2024,20,24,7,277663
_20_24_NOBINARIO,9,2024,20,24,7,0
_25_29_HOMBRES,1,2529,25,29,7,255173
_25_29_MUJERES,2,2529,25,29,7,265867
_25_29_NOBINARIO,9,2529,25,29,7,0
_30_34_HOMBRES,1,3034,30,34,7,229591
_30_34_MUJERES,2,3034,30,34,7,253777
_30_34_NOBINARIO,9,3034,30,34,7,0
_35_39_HOMBRES,1,3539,35,39,7,205183
_35_39_MUJERES,2,3539,35,39,7,226718
_35_39_NOBINARIO,9,3539,35,39,7,0
_40_44_HOMBRES,1,4044,40,44,7,185697
_40_44_MUJERES,2,4044,40,44,7,205953
_40_44_NOBINARIO,9,4044,40,44,7,0
_45_49_HOMBRES,1,4549,45,49,7,164122
_45_49_MUJERES,2,4549,45,49,7,180698
_45_49_NOBINARIO,9,4549,45,49,7,0
_50_54_HOMBRES,1,5054,50,54,7,139640
_50_54_MUJERES,2,5054,50,54,7,155219
_50_54_NOBINARIO,9,5054,50,54,7,0
_55_59_HOMBRES,1,5559,55,59,7,113482
_55_59_MUJERES,2,5559,55,59,7,125788
_55_59_NOBINARIO,9,5559,55,59,7,0
_60_64_HOMBRES,1,6064,60,64,7,94869
_60_64_MUJERES,2,6064,60,64,7,102623
_60_64_NOBINARIO,9,6064,60,64,7,0
_65_Y_MAS_HOMBRES,1,65,65,100,7,209920
_65_Y_MAS_MUJERES,2,65,65,100,7,222869
_65_Y_MAS_NOBINARIO,9,65,65,100,7,0
_18_HOMBRES,1,18,18,18,8,25183
_18_MUJERES,2,18,18,18,8,25922
_18_NOBINARIO,9,18,18,18,8,0
_19_HOMBRES,1,19,19,19,8,32662
_19_MUJERES,2,19,19,19,8,32897
_19_NOBINARIO,9,19,19,19,8,0
_20_24_HOMBRES,1,2024,20,24,8,177632
_20_24_MUJERES,2,2024,20,24,8,175328
_20_24_NOBINARIO,9,2024,20,24,8,2
_25_29_HOMBRES,1,2529,25,29,8,176517
_25_29_MUJERES,2,2529,25,29,8,173412
_25_29_NOBINARIO,9,2529,25,29,8,4
_30_34_HOMBRES,1,3034,30,34,8,169104
_30_34_MUJERES,2,3034,30,34,8,168989
_30_34_NOBINARIO,9,3034,30,34,8,1
_35_39_HOMBRES,1,3539,35,39,8,151128
_35_39_MUJERES,2,3539,35,39,8,152057
_35_39_NOBINARIO,9,3539,35,39,8,0
_40_44_HOMBRES,1,4044,40,44,8,142815
_40_44_MUJERES,2,4044,40,44,8,143277
_40_44_NOBINARIO,9,4044,40,44,8,0
_45_49_HOMBRES,1,4549,45,49,8,139466
_45_49_MUJERES,2,4549,45,49,8,142519
_45_49_NOBINARIO,9,4549,45,49,8,0
_50_54_HOMBRES,1,5054,50,54,8,137245
_50_54_MUJERES,2,5054,50,54,8,141971
_50_54_NOBINARIO,9,5054,50,54,8,0
_55_59_HOMBRES,1,5559,55,59,8,115700
_55_59_MUJERES,2,5559,55,59,8,123025
_55_59_NOBINARIO,9,5559,55,59,8,0
_60_64_HOMBRES,1,6064,60,64,8,93146
_60_64_MUJERES,2,6064,60,64,8,102535
_60_64_NOBINARIO,9,6064,60,64,8,0
_65_Y_MAS_HOMBRES,1,65,65,100,8,182344
_65_Y_MAS_MUJERES,2,65,65,100,8,216967
_65_Y_MAS_NOBINARIO,9,65,65,100,8,0
_18_HOMBRES,1,18,18,18,9,51150
_18_MUJERES,2,18,18,18,9,50944
_18_NOBINARIO,9,18,18,18,9,3
_19_HOMBRES,1,19,19,19,9,69042
_19_MUJERES,2,19,19,19,9,68023
_19_NOBINARIO,9,19,19,19,9,1
_20_24_HOMBRES,1,2024,20,24,9,375281
_20_24_MUJERES,2,2024,20,24,9,371655
_20_24_NOBINARIO,9,2024,20,24,9,8
_25_29_HOMBRES,1,2529,25,29,9,395219
_25_29_MUJERES,2,2529,25,29,9,394727
_25_29_NOBINARIO,9,2529,25,29,9,11
_30_34_HOMBRES,1,3034,30,34,9,409189
_30_34_MUJERES,2,3034,30,34,9,417328
_30_34_NOBINARIO,9,3034,30,34,9,5
_35_39_HOMBRES,1,3539,35,39,9,383016
_35_39_MUJERES,2,3539,35,39,9,401061
_35_39_NOBINARIO,9,3539,35,39,9,2
_40_44_HOMBRES,1,4044,40,44,9,362064
_40_44_MUJERES,2,4044,40,44,9,389229
_40_44_NOBINARIO,9,4044,40,44,9,0
_45_49_HOMBRES,1,4549,45,49,9,345436
_45_49_MUJERES,2,4549,45,49,9,384030
_45_49_NOBINARIO,9,4549,45,49,9,2
_50_54_HOMBRES,1,5054,50,54,9,344332
_50_54_MUJERES,2,5054,50,54,9,393799
_50_54_NOBINARIO,9,5054,50,54,9,0
_55_59_HOMBRES,1,5559,55,59,9,288802
_55_59_MUJERES,2,5559,55,59,9,342092
_55_59_NOBINARIO,9,5559,55,59,9,0
_60_64_HOMBRES,1,6064,60,64,9,249591
_60_64_MUJERES,2,6064,60,64,9,306721
_60_64_NOBINARIO,9,6064,60,64,9,0
_65_Y_MAS_HOMBRES,1,65,65,100,9,528840
_65_Y_MAS_MUJERES,2,65,65,100,9,745687
_65_Y_MAS_NOBINARIO,9,65,65,100,9,0
_18_HOMBRES,1,18,18,18,10,10988
_18_MUJERES,2,18,18,18,10,10838
_18_NOBINARIO,9,18,18,18,10,0
_19_HOMBRES,1,19,19,19,10,15049
_19_MUJERES,2,19,19,19,10,15063
_19_NOBINARIO,9,19,19,19,10,0
_20_24_HOMBRES,1,2024,20,24,10,82270
_20_24_MUJERES,2,2024,20,24,10,82521
_20_24_NOBINARIO,9,2024,20,24,10,0
_25_29_HOMBRES,1,2529,25,29,10,81312
_25_29_MUJERES,2,2529,25,29,10,80485
_25_29_NOBINARIO,9,2529,25,29,10,0
_30_34_HOMBRES,1,3034,30,34,10,74183
_30_34_MUJERES,2,3034,30,34,10,76904
_30_34_NOBINARIO,9,3034,30,34,10,0
_35_39_HOMBRES,1,3539,35,39,10,67767
_35_39_MUJERES,2,3539,35,39,10,70537
_35_39_NOBINARIO,9,3539,35,39,10,0
_40_44_HOMBRES,1,4044,40,44,10,63018
_40_44_MUJERES,2,4044,40,44,10,65462
_40_44_NOBINARIO,9,4044,40,44,10,0
_45_49_HOMBRES,1,4549,45,49,10,62589
_45_49_MUJERES,2,4549,45,49,10,65570
_45_49_NOBINARIO,9,4549,45,49,10,0
_50_54_HOMBRES,1,5054,50,54,10,58717
_50_54_MUJERES,2,5054,50,54,10,62292
_50_54_NOBINARIO,9,5054,50,54,10,0
_55_59_HOMBRES,1,5559,55,59,10,50771
_55_59_MUJERES,2,5559,55,59,10,55116
_55_59_NOBINARIO,9,5559,55,59,10,0
_60_64_HOMBRES,1,6064,60,64,10,42914
_60_64_MUJERES,2,6064,60,64,10,46813
_60_64_NOBINARIO,9,6064,60,64,10,0
_65_Y_MAS_HOMBRES,1,65,65,100,10,96380
_65_Y_MAS_MUJERES,2,65,65,100,10,106783
_65_Y_MAS_NOBINARIO,9,65,65,100,10,0
_18_HOMBRES,1,18,18,18,11,36813
_18_MUJERES,2,18,18,18,11,37990
_18_NOBINARIO,9,18,18,18,11,0
_19_HOMBRES,1,19,19,19,11,52544
_19_MUJERES,2,19,19,19,11,54417
_19_NOBINARIO,9,19,19,19,11,1
_20_24_HOMBRES,1,2024,20,24,11,290106
_20_24_MUJERES,2,2024,20,24,11,295500
_20_24_NOBINARIO,9,2024,20,24,11,0
_25_29_HOMBRES,1,2529,25,29,11,290166
_25_29_MUJERES,2,2529,25,29,11,291697
_25_29_NOBINARIO,9,2529,25,29,11,1
_30_34_HOMBRES,1,3034,30,34,11,266364
_30_34_MUJERES,2,3034,30,34,11,283629
_30_34_NOBINARIO,9,3034,30,34,11,1
_35_39_HOMBRES,1,3539,35,39,11,242194
_35_39_MUJERES,2,3539,35,39,11,261852
_35_39_NOBINARIO,9,3539,35,39,11,0
_40_44_HOMBRES,1,4044,40,44,11,225437
_40_44_MUJERES,2,4044,40,44,11,246187
_40_44_NOBINARIO,9,4044,40,44,11,0
_45_49_HOMBRES,1,4549,45,49,11,211954
_45_49_MUJERES,2,4549,45,49,11,233860
_45_49_NOBINARIO,9,4549,45,49,11,0
_50_54_HOMBRES,1,5054,50,54,11,191512
_50_54_MUJERES,2,5054,50,54,11,213467
_50_54_NOBINARIO,9,5054,50,54,11,0
_55_59_HOMBRES,1,5559,55,59,11,158670
_55_59_MUJERES,2,5559,55,59,11,180461
_55_59_NOBINARIO,9,5559,55,59,11,0
_60_64_HOMBRES,1,6064,60,64,11,129597
_60_64_MUJERES,2,6064,60,64,11,148470
_60_64_NOBINARIO,9,6064,60,64,11,0
_65_Y_MAS_HOMBRES,1,65,65,100,11,281966
_65_Y_MAS_MUJERES,2,65,65,100,11,333949
_65_Y_MAS_NOBINARIO,9,65,65,100,11,0
_18_HOMBRES,1,18,18,18,12,16366
_18_MUJERES,2,18,18,18,12,17872
_18_NOBINARIO,9,18,18,18,12,0
_19_HOMBRES,1,19,19,19,12,28000
_19_MUJERES,2,19,19,19,12,30147
_19_NOBINARIO,9,19,19,19,12,0
_20_24_HOMBRES,1,2024,20,24,12,160264
_20_24_MUJERES,2,2024,20,24,12,169029
_20_24_NOBINARIO,9,2024,20,24,12,0
_25_29_HOMBRES,1,2529,25,29,12,162033
_25_29_MUJERES,2,2529,25,29,12,168569
_25_29_NOBINARIO,9,2529,25,29,12,0
_30_34_HOMBRES,1,3034,30,34,12,140418
_30_34_MUJERES,2,3034,30,34,12,155123
_30_34_NOBINARIO,9,3034,30,34,12,0
_35_39_HOMBRES,1,3539,35,39,12,127489
_35_39_MUJERES,2,3539,35,39,12,139883
_35_39_NOBINARIO,9,3539,35,39,12,0
_40_44_HOMBRES,1,4044,40,44,12,119304
_40_44_MUJERES,2,4044,40,44,12,129915
_40_44_NOBINARIO,9,4044,40,44,12,0
_45_49_HOMBRES,1,4549,45,49,12,112650
_45_49_MUJERES,2,4549,45,49,12,123548
_45_49_NOBINARIO,9,4549,45,49,12,0
_50_54_HOMBRES,1,5054,50,54,12,100395
_50_54_MUJERES,2,5054,50,54,12,111895
_50_54_NOBINARIO,9,5054,50,54,12,0
_55_59_HOMBRES,1,5559,55,59,12,85239
_55_59_MUJERES,2,5559,55,59,12,96796
_55_59_NOBINARIO,9,5559,55,59,12,0
_60_64_HOMBRES,1,6064,60,64,12,73290
_60_64_MUJERES,2,6064,60,64,12,84019
_60_64_NOBINARIO,9,6064,60,64,12,0
_65_Y_MAS_HOMBRES,1,65,65,100,12,181769
_65_Y_MAS_MUJERES,2,65,65,100,12,214917
_65_Y_MAS_NOBINARIO,9,65,65,100,12,0
_18_HOMBRES,1,18,18,18,13,18576
_18_MUJERES,2,18,18,18,13,19421
_18_NOBINARIO,9,18,18,18,13,0
_19_HOMBRES,1,19,19,19,13,26382
_19_MUJERES,2,19,19,19,13,27012
_19_NOBINARIO,9,19,19,19,13,0
_20_24_HOMBRES,1,2024,20,24,13,138566
_20_24_MUJERES,2,2024,20,24,13,140077
_20_24_NOBINARIO,9,2024,20,24,13,1
_25_29_HOMBRES,1,2529,25,29,13,129449
_25_29_MUJERES,2,2529,25,29,13,132407
_25_29_NOBINARIO,9,2529,25,29,13,0
_30_34_HOMBRES,1,3034,30,34,13,121989
_30_34_MUJERES,2,3034,30,34,13,135450
_30_34_NOBINARIO,9,3034,30,34,13,0
_35_39_HOMBRES,1,3539,35,39,13,114131
_35_39_MUJERES,2,3539,35,39,13,129156
_35_39_NOBINARIO,9,3539,35,39,13,0
_40_44_HOMBRES,1,4044,40,44,13,111050
_40_44_MUJERES,2,4044,40,44,13,126094
_40_44_NOBINARIO,9,4044,40,44,13,0
_45_49_HOMBRES,1,4549,45,49,13,105249
_45_49_MUJERES,2,4549,45,49,13,118779
_45_49_NOBINARIO,9,4549,45,49,13,0
_50_54_HOMBRES,1,5054,50,54,13,95141
_50_54_MUJERES,2,5054,50,54,13,107611
_50_54_NOBINARIO,9,5054,50,54,13,0
_55_59_HOMBRES,1,5559,55,59,13,77981
_55_59_MUJERES,2,5559,55,59,13,90003
_55_59_NOBINARIO,9,5559,55,59,13,0
_60_64_HOMBRES,1,6064,60,64,13,65068
_60_64_MUJERES,2,6064,60,64,13,75216
_60_64_NOBINARIO,9,6064,60,64,13,0
_65_Y_MAS_HOMBRES,1,65,65,100,13,148239
_65_Y_MAS_MUJERES,2,65,65,100,13,176039
_65_Y_MAS_NOBINARIO,9,65,65,100,13,0
_18_HOMBRES,1,18,18,18,14,50068
_18_MUJERES,2,18,18,18,14,50355
_18_NOBINARIO,9,18,18,18,14,2
_19_HOMBRES,1,19,19,19,14,69984
_19_MUJERES,2,19,19,19,14,70338
_19_NOBINARIO,9,19,19,19,14,2
_20_24_HOMBRES,1,2024,20,24,14,382900
_20_24_MUJERES,2,2024,20,24,14,381482
_20_24_NOBINARIO,9,2024,20,24,14,11
_25_29_HOMBRES,1,2529,25,29,14,379863
_25_29_MUJERES,2,2529,25,29,14,372860
_25_29_NOBINARIO,9,2529,25,29,14,4
_30_34_HOMBRES,1,3034,30,34,14,361295
_30_34_MUJERES,2,3034,30,34,14,362127
_30_34_NOBINARIO,9,3034,30,34,14,3
_35_39_HOMBRES,1,3539,35,39,14,338943
_35_39_MUJERES,2,3539,35,39,14,345566
_35_39_NOBINARIO,9,3539,35,39,14,2
_40_44_HOMBRES,1,4044,40,44,14,315783
_40_44_MUJERES,2,4044,40,44,14,325704
_40_44_NOBINARIO,9,4044,40,44,14,1
_45_49_HOMBRES,1,4549,45,49,14,290745
_45_49_MUJERES,2,4549,45,49,14,307733
_45_49_NOBINARIO,9,4549,45,49,14,0
_50_54_HOMBRES,1,5054,50,54,14,276573
_50_54_MUJERES,2,5054,50,54,14,295937
_50_54_NOBINARIO,9,5054,50,54,14,0
_55_59_HOMBRES,1,5559,55,59,14,226032
_55_59_MUJERES,2,5559,55,59,14,250958
_55_59_NOBINARIO,9,5559,55,59,14,0
_60_64_HOMBRES,1,6064,60,64,14,187473
_60_64_MUJERES,2,6064,60,64,14,211656
_60_64_NOBINARIO,9,6064,60,64,14,0
_65_Y_MAS_HOMBRES,1,65,65,100,14,419693
_65_Y_MAS_MUJERES,2,65,65,100,14,503233
_65_Y_MAS_NOBINARIO,9,65,65,100,14,0
_18_HOMBRES,1,18,18,18,15,104009
_18_MUJERES,2,18,18,18,15,104297
_18_NOBINARIO,9,18,18,18,15,0
_19_HOMBRES,1,19,19,19,15,144529
_19_MUJERES,2,19,19,19,15,144919
_19_NOBINARIO,9,19,19,19,15,2
_20_24_HOMBRES,1,2024,20,24,15,779523
_20_24_MUJERES,2,2024,20,24,15,777542
_20_24_NOBINARIO,9,2024,20,24,15,0
_25_29_HOMBRES,1,2529,25,29,15,741221
_25_29_MUJERES,2,2529,25,29,15,740862
_25_29_NOBINARIO,9,2529,25,29,15,1
_30_34_HOMBRES,1,3034,30,34,15,711311
_30_34_MUJERES,2,3034,30,34,15,747811
_30_34_NOBINARIO,9,3034,30,34,15,0
_35_39_HOMBRES,1,3539,35,39,15,635838
_35_39_MUJERES,2,3539,35,39,15,688122
_35_39_NOBINARIO,9,3539,35,39,15,0
_40_44_HOMBRES,1,4044,40,44,15,598557
_40_44_MUJERES,2,4044,40,44,15,666854
_40_44_NOBINARIO,9,4044,40,44,15,1
_45_49_HOMBRES,1,4549,45,49,15,565854
_45_49_MUJERES,2,4549,45,49,15,644825
_45_49_NOBINARIO,9,4549,45,49,15,0
_50_54_HOMBRES,1,5054,50,54,15,525788
_50_54_MUJERES,2,5054,50,54,15,606895
_50_54_NOBINARIO,9,5054,50,54,15,0
_55_59_HOMBRES,1,5559,55,59,15,426596
_55_59_MUJERES,2,5559,55,59,15,501006
_55_59_NOBINARIO,9,5559,55,59,15,0
_60_64_HOMBRES,1,6064,60,64,15,343008
_60_64_MUJERES,2,6064,60,64,15,410057
_60_64_NOBINARIO,9,6064,60,64,15,0
_65_Y_MAS_HOMBRES,1,65,65,100,15,659166
_65_Y_MAS_MUJERES,2,65,65,100,15,846196
_65_Y_MAS_NOBINARIO,9,65,65,100,15,0
_18_HOMBRES,1,18,18,18,16,23801
_18_MUJERES,2,18,18,18,16,24192
_18_NOBINARIO,9,18,18,18,16,0
_19_HOMBRES,1,19,19,19,16,36982
_19_MUJERES,2,19,19,19,16,38053
_19_NOBINARIO,9,19,19,19,16,0
_20_24_HOMBRES,1,2024,20,24,16,208459
_20_24_MUJERES,2,2024,20,24,16,213706
_20_24_NOBINARIO,9,2024,20,24,16,0
_25_29_HOMBRES,1,2529,25,29,16,214283
_25_29_MUJERES,2,2529,25,29,16,217348
_25_29_NOBINARIO,9,2529,25,29,16,0
_30_34_HOMBRES,1,3034,30,34,16,200701
_30_34_MUJERES,2,3034,30,34,16,213724
_30_34_NOBINARIO,9,3034,30,34,16,0
_35_39_HOMBRES,1,3539,35,39,16,187046
_35_39_MUJERES,2,3539,35,39,16,201142
_35_39_NOBINARIO,9,3539,35,39,16,0
_40_44_HOMBRES,1,4044,40,44,16,173593
_40_44_MUJERES,2,4044,40,44,16,187142
_40_44_NOBINARIO,9,4044,40,44,16,0
_45_49_HOMBRES,1,4549,45,49,16,166471
_45_49_MUJERES,2,4549,45,49,16,179042
_45_49_NOBINARIO,9,4549,45,49,16,0
_50_54_HOMBRES,1,5054,50,54,16,152656
_50_54_MUJERES,2,5054,50,54,16,167654
_50_54_NOBINARIO,9,5054,50,54,16,0
_55_59_HOMBRES,1,5559,55,59,16,129687
_55_59_MUJERES,2,5559,55,59,16,146834
_55_59_NOBINARIO,9,5559,55,59,16,0
_60_64_HOMBRES,1,6064,60,64,16,112277
_60_64_MUJERES,2,6064,60,64,16,127103
_60_64_NOBINARIO,9,6064,60,64,16,0
_65_Y_MAS_HOMBRES,1,65,65,100,16,272638
_65_Y_MAS_MUJERES,2,65,65,100,16,311820
_65_Y_MAS_NOBINARIO,9,65,65,100,16,0
_18_HOMBRES,1,18,18,18,17,11137
_18_MUJERES,2,18,18,18,17,11351
_18_NOBINARIO,9,18,18,18,17,0
_19_HOMBRES,1,19,19,19,17,16149
_19_MUJERES,2,19,19,19,17,16288
_19_NOBINARIO,9,19,19,19,17,0
_20_24_HOMBRES,1,2024,20,24,17,85763
_20_24_MUJERES,2,2024,20,24,17,86765
_20_24_NOBINARIO,9,2024,20,24,17,0
_25_29_HOMBRES,1,2529,25,29,17,85270
_25_29_MUJERES,2,2529,25,29,17,87457
_25_29_NOBINARIO,9,2529,25,29,17,0
_30_34_HOMBRES,1,3034,30,34,17,81401
_30_34_MUJERES,2,3034,30,34,17,86988
_30_34_NOBINARIO,9,3034,30,34,17,0
_35_39_HOMBRES,1,3539,35,39,17,73683
_35_39_MUJERES,2,3539,35,39,17,80148
_35_39_NOBINARIO,9,3539,35,39,17,0
_40_44_HOMBRES,1,4044,40,44,17,68572
_40_44_MUJERES,2,4044,40,44,17,76115
_40_44_NOBINARIO,9,4044,40,44,17,0
_45_49_HOMBRES,1,4549,45,49,17,65879
_45_49_MUJERES,2,4549,45,49,17,75211
_45_49_NOBINARIO,9,4549,45,49,17,0
_50_54_HOMBRES,1,5054,50,54,17,62230
_50_54_MUJERES,2,5054,50,54,17,71924
_50_54_NOBINARIO,9,5054,50,54,17,0
_55_59_HOMBRES,1,5559,55,59,17,52417
_55_59_MUJERES,2,5559,55,59,17,61413
_55_59_NOBINARIO,9,5559,55,59,17,0
_60_64_HOMBRES,1,6064,60,64,17,45261
_60_64_MUJERES,2,6064,60,64,17,53670
_60_64_NOBINARIO,9,6064,60,64,17,0
_65_Y_MAS_HOMBRES,1,65,65,100,17,100701
_65_Y_MAS_MUJERES,2,65,65,100,17,123715
_65_Y_MAS_NOBINARIO,9,65,65,100,17,0
_18_HOMBRES,1,18,18,18,18,7004
_18_MUJERES,2,18,18,18,18,7099
_18_NOBINARIO,9,18,18,18,18,0
_19_HOMBRES,1,19,19,19,18,9953
_19_MUJERES,2,19,19,19,18,9846
_19_NOBINARIO,9,19,19,19,18,0
_20_24_HOMBRES,1,2024,20,24,18,52341
_20_24_MUJERES,2,2024,20,24,18,52797
_20_24_NOBINARIO,9,2024,20,24,18,0
_25_29_HOMBRES,1,2529,25,29,18,52283
_25_29_MUJERES,2,2529,25,29,18,51243
_25_29_NOBINARIO,9,2529,25,29,18,3
_30_34_HOMBRES,1,3034,30,34,18,49344
_30_34_MUJERES,2,3034,30,34,18,50578
_30_34_NOBINARIO,9,3034,30,34,18,0
_35_39_HOMBRES,1,3539,35,39,18,47418
_35_39_MUJERES,2,3539,35,39,18,48842
_35_39_NOBINARIO,9,3539,35,39,18,0
_40_44_HOMBRES,1,4044,40,44,18,44229
_40_44_MUJERES,2,4044,40,44,18,45449
_40_44_NOBINARIO,9,4044,40,44,18,0
_45_49_HOMBRES,1,4549,45,49,18,43664
_45_49_MUJERES,2,4549,45,49,18,44897
_45_49_NOBINARIO,9,4549,45,49,18,0
_50_54_HOMBRES,1,5054,50,54,18,41231
_50_54_MUJERES,2,5054,50,54,18,42097
_50_54_NOBINARIO,9,5054,50,54,18,0
_55_59_HOMBRES,1,5559,55,59,18,34173
_55_59_MUJERES,2,5559,55,59,18,36012
_55_59_NOBINARIO,9,5559,55,59,18,0
_60_64_HOMBRES,1,6064,60,64,18,28963
_60_64_MUJERES,2,6064,60,64,18,30937
_60_64_NOBINARIO,9,6064,60,64,18,0
_65_Y_MAS_HOMBRES,1,65,65,100,18,68691
_65_Y_MAS_MUJERES,2,65,65,100,18,75673
_65_Y_MAS_NOBINARIO,9,65,65,100,18,0
_18_HOMBRES,1,18,18,18,19,35841
_18_MUJERES,2,18,18,18,19,35063
_18_NOBINARIO,9,18,18,18,19,0
_19_HOMBRES,1,19,19,19,19,47388
_19_MUJERES,2,19,19,19,19,45955
_19_NOBINARIO,9,19,19,19,19,2
_20_24_HOMBRES,1,2024,20,24,19,261933
_20_24_MUJERES,2,2024,20,24,19,252222
_20_24_NOBINARIO,9,2024,20,24,19,2
_25_29_HOMBRES,1,2529,25,29,19,264999
_25_29_MUJERES,2,2529,25,29,19,249618
_25_29_NOBINARIO,9,2529,25,29,19,0
_30_34_HOMBRES,1,3034,30,34,19,260811
_30_34_MUJERES,2,3034,30,34,19,245238
_30_34_NOBINARIO,9,3034,30,34,19,3
_35_39_HOMBRES,1,3539,35,39,19,230044
_35_39_MUJERES,2,3539,35,39,19,218914
_35_39_NOBINARIO,9,3539,35,39,19,1
_40_44_HOMBRES,1,4044,40,44,19,220862
_40_44_MUJERES,2,4044,40,44,19,213874
_40_44_NOBINARIO,9,4044,40,44,19,1
_45_49_HOMBRES,1,4549,45,49,19,209041
_45_49_MUJERES,2,4549,45,49,19,208212
_45_49_NOBINARIO,9,4549,45,49,19,0
_50_54_HOMBRES,1,5054,50,54,19,195863
_50_54_MUJERES,2,5054,50,54,19,199279
_50_54_NOBINARIO,9,5054,50,54,19,0
_55_59_HOMBRES,1,5559,55,59,19,157024
_55_59_MUJERES,2,5559,55,59,19,165153
_55_59_NOBINARIO,9,5559,55,59,19,0
_60_64_HOMBRES,1,6064,60,64,19,123890
_60_64_MUJERES,2,6064,60,64,19,134085
_60_64_NOBINARIO,9,6064,60,64,19,0
_65_Y_MAS_HOMBRES,1,65,65,100,19,241995
_65_Y_MAS_MUJERES,2,65,65,100,19,296350
_65_Y_MAS_NOBINARIO,9,65,65,100,19,0
_18_HOMBRES,1,18,18,18,20,19903
_18_MUJERES,2,18,18,18,20,21138
_18_NOBINARIO,9,18,18,18,20,0
_19_HOMBRES,1,19,19,19,20,31867
_19_MUJERES,2,19,19,19,20,33695
_19_NOBINARIO,9,19,19,19,20,0
_20_24_HOMBRES,1,2024,20,24,20,174624
_20_24_MUJERES,2,2024,20,24,20,183000
_20_24_NOBINARIO,9,2024,20,24,20,0
_25_29_HOMBRES,1,2529,25,29,20,176124
_25_29_MUJERES,2,2529,25,29,20,187361
_25_29_NOBINARIO,9,2529,25,29,20,0
_30_34_HOMBRES,1,3034,30,34,20,164895
_30_34_MUJERES,2,3034,30,34,20,187476
_30_34_NOBINARIO,9,3034,30,34,20,0
_35_39_HOMBRES,1,3539,35,39,20,151469
_35_39_MUJERES,2,3539,35,39,20,171013
_35_39_NOBINARIO,9,3539,35,39,20,0
_40_44_HOMBRES,1,4044,40,44,20,144685
_40_44_MUJERES,2,4044,40,44,20,162513
_40_44_NOBINARIO,9,4044,40,44,20,0
_45_49_HOMBRES,1,4549,45,49,20,132294
_45_49_MUJERES,2,4549,45,49,20,150344
_45_49_NOBINARIO,9,4549,45,49,20,0
_50_54_HOMBRES,1,5054,50,54,20,116513
_50_54_MUJERES,2,5054,50,54,20,133672
_50_54_NOBINARIO,9,5054,50,54,20,0
_55_59_HOMBRES,1,5559,55,59,20,98060
_55_59_MUJERES,2,5559,55,59,20,114918
_55_59_NOBINARIO,9,5559,55,59,20,0
_60_64_HOMBRES,1,6064,60,64,20,84382
_60_64_MUJERES,2,6064,60,64,20,99465
_60_64_NOBINARIO,9,6064,60,64,20,0
_65_Y_MAS_HOMBRES,1,65,65,100,20,211595
_65_Y_MAS_MUJERES,2,65,65,100,20,255719
_65_Y_MAS_NOBINARIO,9,65,65,100,20,0
_18_HOMBRES,1,18,18,18,21,36519
_18_MUJERES,2,18,18,18,21,37871
_18_NOBINARIO,9,18,18,18,21,0
_19_HOMBRES,1,19,19,19,21,55594
_19_MUJERES,2,19,19,19,21,57672
_19_NOBINARIO,9,19,19,19,21,0
_20_24_HOMBRES,1,2024,20,24,21,311034
_20_24_MUJERES,2,2024,20,24,21,320699
_20_24_NOBINARIO,9,2024,20,24,21,1
_25_29_HOMBRES,1,2529,25,29,21,302012
_25_29_MUJERES,2,2529,25,29,21,311684
_25_29_NOBINARIO,9,2529,25,29,21,0
_30_34_HOMBRES,1,3034,30,34,21,275757
_30_34_MUJERES,2,3034,30,34,21,302811
_30_34_NOBINARIO,9,3034,30,34,21,0
_35_39_HOMBRES,1,3539,35,39,21,242741
_35_39_MUJERES,2,3539,35,39,21,273137
_35_39_NOBINARIO,9,3539,35,39,21,0
_40_44_HOMBRES,1,4044,40,44,21,227666
_40_44_MUJERES,2,4044,40,44,21,260275
_40_44_NOBINARIO,9,4044,40,44,21,0
_45_49_HOMBRES,1,4549,45,49,21,206897
_45_49_MUJERES,2,4549,45,49,21,239862
_45_49_NOBINARIO,9,4549,45,49,21,0
_50_54_HOMBRES,1,5054,50,54,21,181154
_50_54_MUJERES,2,5054,50,54,21,211932
_50_54_NOBINARIO,9,5054,50,54,21,0
_55_59_HOMBRES,1,5559,55,59,21,146320
_55_59_MUJERES,2,5559,55,59,21,177173
_55_59_NOBINARIO,9,5559,55,59,21,0
_60_64_HOMBRES,1,6064,60,64,21,120355
_60_64_MUJERES,2,6064,60,64,21,147025
_60_64_NOBINARIO,9,6064,60,64,21,0
_65_Y_MAS_HOMBRES,1,65,65,100,21,274320
_65_Y_MAS_MUJERES,2,65,65,100,21,353397
_65_Y_MAS_NOBINARIO,9,65,65,100,21,0
_18_HOMBRES,1,18,18,18,22,15378
_18_MUJERES,2,18,18,18,22,15687
_18_NOBINARIO,9,18,18,18,22,0
_19_HOMBRES,1,19,19,19,22,20662
_19_MUJERES,2,19,19,19,22,20887
_19_NOBINARIO,9,19,19,19,22,0
_20_24_HOMBRES,1,2024,20,24,22,111488
_20_24_MUJERES,2,2024,20,24,22,110852
_20_24_NOBINARIO,9,2024,20,24,22,1
_25_29_HOMBRES,1,2529,25,29,22,115192
_25_29_MUJERES,2,2529,25,29,22,111979
_25_29_NOBINARIO,9,2529,25,29,22,0
_30_34_HOMBRES,1,3034,30,34,22,117371
_30_34_MUJERES,2,3034,30,34,22,118178
_30_34_NOBINARIO,9,3034,30,34,22,1
_35_39_HOMBRES,1,3539,35,39,22,102860
_35_39_MUJERES,2,3539,35,39,22,105852
_35_39_NOBINARIO,9,3539,35,39,22,0
_40_44_HOMBRES,1,4044,40,44,22,93570
_40_44_MUJERES,2,4044,40,44,22,99744
_40_44_NOBINARIO,9,4044,40,44,22,0
_45_49_HOMBRES,1,4549,45,49,22,84009
_45_49_MUJERES,2,4549,45,49,22,91354
_45_49_NOBINARIO,9,4549,45,49,22,0
_50_54_HOMBRES,1,5054,50,54,22,74547
_50_54_MUJERES,2,5054,50,54,22,81868
_50_54_NOBINARIO,9,5054,50,54,22,0
_55_59_HOMBRES,1,5559,55,59,22,58228
_55_59_MUJERES,2,5559,55,59,22,65998
_55_59_NOBINARIO,9,5559,55,59,22,0
_60_64_HOMBRES,1,6064,60,64,22,46534
_60_64_MUJERES,2,6064,60,64,22,53328
_60_64_NOBINARIO,9,6064,60,64,22,0
_65_Y_MAS_HOMBRES,1,65,65,100,22,90420
_65_Y_MAS_MUJERES,2,65,65,100,22,113477
_65_Y_MAS_NOBINARIO,9,65,65,100,22,0
_18_HOMBRES,1,18,18,18,23,11582
_18_MUJERES,2,18,18,18,23,11717
_18_NOBINARIO,9,18,18,18,23,0
_19_HOMBRES,1,19,19,19,23,15513
_19_MUJERES,2,19,19,19,23,15248
_19_NOBINARIO,9,19,19,19,23,0
_20_24_HOMBRES,1,2024,20,24,23,85129
_20_24_MUJERES,2,2024,20,24,23,83458
_20_24_NOBINARIO,9,2024,20,24,23,0
_25_29_HOMBRES,1,2529,25,29,23,98085
_25_29_MUJERES,2,2529,25,29,23,93799
_25_29_NOBINARIO,9,2529,25,29,23,0
_30_34_HOMBRES,1,3034,30,34,23,106204
_30_34_MUJERES,2,3034,30,34,23,99903
_30_34_NOBINARIO,9,3034,30,34,23,0
_35_39_HOMBRES,1,3539,35,39,23,93264
_35_39_MUJERES,2,3539,35,39,23,88627
_35_39_NOBINARIO,9,3539,35,39,23,1
_40_44_HOMBRES,1,4044,40,44,23,80396
_40_44_MUJERES,2,4044,40,44,23,77225
_40_44_NOBINARIO,9,4044,40,44,23,0
_45_49_HOMBRES,1,4549,45,49,23,68442
_45_49_MUJERES,2,4549,45,49,23,67188
_45_49_NOBINARIO,9,4549,45,49,23,0
_50_54_HOMBRES,1,5054,50,54,23,58000
_50_54_MUJERES,2,5054,50,54,23,56811
_50_54_NOBINARIO,9,5054,50,54,23,0
_55_59_HOMBRES,1,5559,55,59,23,43950
_55_59_MUJERES,2,5559,55,59,23,43958
_55_59_NOBINARIO,9,5559,55,59,23,0
_60_64_HOMBRES,1,6064,60,64,23,31175
_60_64_MUJERES,2,6064,60,64,23,32310
_60_64_NOBINARIO,9,6064,60,64,23,0
_65_Y_MAS_HOMBRES,1,65,65,100,23,49573
_65_Y_MAS_MUJERES,2,65,65,100,23,54151
_65_Y_MAS_NOBINARIO,9,65,65,100,23,0
_18_HOMBRES,1,18,18,18,24,16806
_18_MUJERES,2,18,18,18,24,16786
_18_NOBINARIO,9,18,18,18,24,0
_19_HOMBRES,1,19,19,19,24,23553
_19_MUJERES,2,19,19,19,24,24201
_19_NOBINARIO,9,19,19,19,24,0
_20_24_HOMBRES,1,2024,20,24,24,128812
_20_24_MUJERES,2,2024,20,24,24,130623
_20_24_NOBINARIO,9,2024,20,24,24,0
_25_29_HOMBRES,1,2529,25,29,24,124710
_25_29_MUJERES,2,2529,25,29,24,126321
_25_29_NOBINARIO,9,2529,25,29,24,0
_30_34_HOMBRES,1,3034,30,34,24,117543
_30_34_MUJERES,2,3034,30,34,24,124429
_30_34_NOBINARIO,9,3034,30,34,24,0
_35_39_HOMBRES,1,3539,35,39,24,106033
_35_39_MUJERES,2,3539,35,39,24,113602
_35_39_NOBINARIO,9,3539,35,39,24,0
_40_44_HOMBRES,1,4044,40,44,24,99827
_40_44_MUJERES,2,4044,40,44,24,108055
_40_44_NOBINARIO,9,4044,40,44,24,0
_45_49_HOMBRES,1,4549,45,49,24,94535
_45_49_MUJERES,2,4549,45,49,24,101938
_45_49_NOBINARIO,9,4549,45,49,24,0
_50_54_HOMBRES,1,5054,50,54,24,86406
_50_54_MUJERES,2,5054,50,54,24,94378
_50_54_NOBINARIO,9,5054,50,54,24,0
_55_59_HOMBRES,1,5559,55,59,24,74211
_55_59_MUJERES,2,5559,55,59,24,82365
_55_59_NOBINARIO,9,5559,55,59,24,0
_60_64_HOMBRES,1,6064,60,64,24,62377
_60_64_MUJERES,2,6064,60,64,24,69667
_60_64_NOBINARIO,9,6064,60,64,24,0
_65_Y_MAS_HOMBRES,1,65,65,100,24,148279
_65_Y_MAS_MUJERES,2,65,65,100,24,168329
_65_Y_MAS_NOBINARIO,9,65,65,100,24,0
_18_HOMBRES,1,18,18,18,25,17560
_18_MUJERES,2,18,18,18,25,18082
_18_NOBINARIO,9,18,18,18,25,0
_19_HOMBRES,1,19,19,19,25,25038
_19_MUJERES,2,19,19,19,25,25162
_19_NOBINARIO,9,19,19,19,25,0
_20_24_HOMBRES,1,2024,20,24,25,133940
_20_24_MUJERES,2,2024,20,24,25,134426
_20_24_NOBINARIO,9,2024,20,24,25,0
_25_29_HOMBRES,1,2529,25,29,25,132573
_25_29_MUJERES,2,2529,25,29,25,132029
_25_29_NOBINARIO,9,2529,25,29,25,0
_30_34_HOMBRES,1,3034,30,34,25,121442
_30_34_MUJERES,2,3034,30,34,25,124955
_30_34_NOBINARIO,9,3034,30,34,25,0
_35_39_HOMBRES,1,3539,35,39,25,111327
_35_39_MUJERES,2,3539,35,39,25,114763
_35_39_NOBINARIO,9,3539,35,39,25,0
_40_44_HOMBRES,1,4044,40,44,25,104838
_40_44_MUJERES,2,4044,40,44,25,109096
_40_44_NOBINARIO,9,4044,40,44,25,0
_45_49_HOMBRES,1,4549,45,49,25,104564
_45_49_MUJERES,2,4549,45,49,25,109618
_45_49_NOBINARIO,9,4549,45,49,25,0
_50_54_HOMBRES,1,5054,50,54,25,99133
_50_54_MUJERES,2,5054,50,54,25,105247
_50_54_NOBINARIO,9,5054,50,54,25,0
_55_59_HOMBRES,1,5559,55,59,25,83498
_55_59_MUJERES,2,5559,55,59,25,91205
_55_59_NOBINARIO,9,5559,55,59,25,0
_60_64_HOMBRES,1,6064,60,64,25,69911
_60_64_MUJERES,2,6064,60,64,25,78346
_60_64_NOBINARIO,9,6064,60,64,25,0
_65_Y_MAS_HOMBRES,1,65,65,100,25,161253
_65_Y_MAS_MUJERES,2,65,65,100,25,186745
_65_Y_MAS_NOBINARIO,9,65,65,100,25,0
_18_HOMBRES,1,18,18,18,26,18395
_18_MUJERES,2,18,18,18,26,18864
_18_NOBINARIO,9,18,18,18,26,0
_19_HOMBRES,1,19,19,19,26,24035
_19_MUJERES,2,19,19,19,26,23964
_19_NOBINARIO,9,19,19,19,26,0
_20_24_HOMBRES,1,2024,20,24,26,130763
_20_24_MUJERES,2,2024,20,24,26,129099
_20_24_NOBINARIO,9,2024,20,24,26,0
_25_29_HOMBRES,1,2529,25,29,26,129755
_25_29_MUJERES,2,2529,25,29,26,126392
_25_29_NOBINARIO,9,2529,25,29,26,0
_30_34_HOMBRES,1,3034,30,34,26,121131
_30_34_MUJERES,2,3034,30,34,26,119942
_30_34_NOBINARIO,9,3034,30,34,26,1
_35_39_HOMBRES,1,3539,35,39,26,111673
_35_39_MUJERES,2,3539,35,39,26,110497
_35_39_NOBINARIO,9,3539,35,39,26,0
_40_44_HOMBRES,1,4044,40,44,26,107044
_40_44_MUJERES,2,4044,40,44,26,107760
_40_44_NOBINARIO,9,4044,40,44,26,0
_45_49_HOMBRES,1,4549,45,49,26,104916
_45_49_MUJERES,2,4549,45,49,26,106412
_45_49_NOBINARIO,9,4549,45,49,26,0
_50_54_HOMBRES,1,5054,50,54,26,98800
_50_54_MUJERES,2,5054,50,54,26,101561
_50_54_NOBINARIO,9,5054,50,54,26,0
_55_59_HOMBRES,1,5559,55,59,26,83063
_55_59_MUJERES,2,5559,55,59,26,87507
_55_59_NOBINARIO,9,5559,55,59,26,1
_60_64_HOMBRES,1,6064,60,64,26,69808
_60_64_MUJERES,2,6064,60,64,26,75415
_60_64_NOBINARIO,9,6064,60,64,26,0
_65_Y_MAS_HOMBRES,1,65,65,100,26,143368
_65_Y_MAS_MUJERES,2,65,65,100,26,167091
_65_Y_MAS_NOBINARIO,9,65,65,100,26,0
_18_HOMBRES,1,18,18,18,27,16196
_18_MUJERES,2,18,18,18,27,16093
_18_NOBINARIO,9,18,18,18,27,0
_19_HOMBRES,1,19,19,19,27,21066
_19_MUJERES,2,19,19,19,27,21283
_19_NOBINARIO,9,19,19,19,27,0
_20_24_HOMBRES,1,2024,20,24,27,105824
_20_24_MUJERES,2,2024,20,24,27,107065
_20_24_NOBINARIO,9,2024,20,24,27,1
_25_29_HOMBRES,1,2529,25,29,27,96933
_25_29_MUJERES,2,2529,25,29,27,100905
_25_29_NOBINARIO,9,2529,25,29,27,0
_30_34_HOMBRES,1,3034,30,34,27,93979
_30_34_MUJERES,2,3034,30,34,27,102027
_30_34_NOBINARIO,9,3034,30,34,27,0
_35_39_HOMBRES,1,3539,35,39,27,91002
_35_39_MUJERES,2,3539,35,39,27,100082
_35_39_NOBINARIO,9,3539,35,39,27,0
_40_44_HOMBRES,1,4044,40,44,27,86563
_40_44_MUJERES,2,4044,40,44,27,96394
_40_44_NOBINARIO,9,4044,40,44,27,0
_45_49_HOMBRES,1,4549,45,49,27,80423
_45_49_MUJERES,2,4549,45,49,27,89823
_45_49_NOBINARIO,9,4549,45,49,27,0
_50_54_HOMBRES,1,5054,50,54,27,71319
_50_54_MUJERES,2,5054,50,54,27,79151
_50_54_NOBINARIO,9,5054,50,54,27,0
_55_59_HOMBRES,1,5559,55,59,27,59569
_55_59_MUJERES,2,5559,55,59,27,65145
_55_59_NOBINARIO,9,5559,55,59,27,0
_60_64_HOMBRES,1,6064,60,64,27,51140
_60_64_MUJERES,2,6064,60,64,27,54735
_60_64_NOBINARIO,9,6064,60,64,27,0
_65_Y_MAS_HOMBRES,1,65,65,100,27,101200
_65_Y_MAS_MUJERES,2,65,65,100,27,112668
_65_Y_MAS_NOBINARIO,9,65,65,100,27,0
_18_HOMBRES,1,18,18,18,28,22489
_18_MUJERES,2,18,18,18,28,22570
_18_NOBINARIO,9,18,18,18,28,0
_19_HOMBRES,1,19,19,19,28,29176
_19_MUJERES,2,19,19,19,28,29021
_19_NOBINARIO,9,19,19,19,28,0
_20_24_HOMBRES,1,2024,20,24,28,157402
_20_24_MUJERES,2,2024,20,24,28,155400
_20_24_NOBINARIO,9,2024,20,24,28,1
_25_29_HOMBRES,1,2529,25,29,28,155901
_25_29_MUJERES,2,2529,25,29,28,152120
_25_29_NOBINARIO,9,2529,25,29,28,1
_30_34_HOMBRES,1,3034,30,34,28,146645
_30_34_MUJERES,2,3034,30,34,28,147393
_30_34_NOBINARIO,9,3034,30,34,28,0
_35_39_HOMBRES,1,3539,35,39,28,138098
_35_39_MUJERES,2,3539,35,39,28,140427
_35_39_NOBINARIO,9,3539,35,39,28,0
_40_44_HOMBRES,1,4044,40,44,28,134849
_40_44_MUJERES,2,4044,40,44,28,140108
_40_44_NOBINARIO,9,4044,40,44,28,0
_45_49_HOMBRES,1,4549,45,49,28,131886
_45_49_MUJERES,2,4549,45,49,28,138487
_45_49_NOBINARIO,9,4549,45,49,28,0
_50_54_HOMBRES,1,5054,50,54,28,124060
_50_54_MUJERES,2,5054,50,54,28,132370
_50_54_NOBINARIO,9,5054,50,54,28,0
_55_59_HOMBRES,1,5559,55,59,28,104657
_55_59_MUJERES,2,5559,55,59,28,113847
_55_59_NOBINARIO,9,5559,55,59,28,0
_60_64_HOMBRES,1,6064,60,64,28,85771
_60_64_MUJERES,2,6064,60,64,28,95506
_60_64_NOBINARIO,9,6064,60,64,28,0
_65_Y_MAS_HOMBRES,1,65,65,100,28,180868
_65_Y_MAS_MUJERES,2,65,65,100,28,218835
_65_Y_MAS_NOBINARIO,9,65,65,100,28,0
_18_HOMBRES,1,18,18,18,29,9067
_18_MUJERES,2,18,18,18,29,8923
_18_NOBINARIO,9,18,18,18,29,0
_19_HOMBRES,1,19,19,19,29,12323
_19_MUJERES,2,19,19,19,29,12314
_19_NOBINARIO,9,19,19,19,29,0
_20_24_HOMBRES,1,2024,20,24,29,65912
_20_24_MUJERES,2,2024,20,24,29,65539
_20_24_NOBINARIO,9,2024,20,24,29,1
_25_29_HOMBRES,1,2529,25,29,29,61835
_25_29_MUJERES,2,2529,25,29,29,62235
_25_29_NOBINARIO,9,2529,25,29,29,0
_30_34_HOMBRES,1,3034,30,34,29,57236
_30_34_MUJERES,2,3034,30,34,29,60348
_30_34_NOBINARIO,9,3034,30,34,29,0
_35_39_HOMBRES,1,3539,35,39,29,51082
_35_39_MUJERES,2,3539,35,39,29,56277
_35_39_NOBINARIO,9,3539,35,39,29,0
_40_44_HOMBRES,1,4044,40,44,29,48449
_40_44_MUJERES,2,4044,40,44,29,55343
_40_44_NOBINARIO,9,4044,40,44,29,0
_45_49_HOMBRES,1,4549,45,49,29,45227
_45_49_MUJERES,2,4549,45,49,29,51723
_45_49_NOBINARIO,9,4549,45,49,29,0
_50_54_HOMBRES,1,5054,50,54,29,38964
_50_54_MUJERES,2,5054,50,54,29,45326
_50_54_NOBINARIO,9,5054,50,54,29,0
_55_59_HOMBRES,1,5559,55,59,29,31886
_55_59_MUJERES,2,5559,55,59,29,37512
_55_59_NOBINARIO,9,5559,55,59,29,0
_60_64_HOMBRES,1,6064,60,64,29,25708
_60_64_MUJERES,2,6064,60,64,29,30436
_60_64_NOBINARIO,9,6064,60,64,29,0
_65_Y_MAS_HOMBRES,1,65,65,100,29,53620
_65_Y_MAS_MUJERES,2,65,65,100,29,66251
_65_Y_MAS_NOBINARIO,9,65,65,100,29,0
_18_HOMBRES,1,18,18,18,30,21876
_18_MUJERES,2,18,18,18,30,22416
_18_NOBINARIO,9,18,18,18,30,0
_19_HOMBRES,1,19,19,19,30,31867
_19_MUJERES,2,19,19,19,30,31784
_19_NOBINARIO,9,19,19,19,30,1
_20_24_HOMBRES,1,2024,20,24,30,174648
_20_24_MUJERES,2,2024,20,24,30,175591
_20_24_NOBINARIO,9,2024,20,24,30,0
_25_29_HOMBRES,1,2529,25,29,30,161892
_25_29_MUJERES,2,2529,25,29,30,166437
_25_29_NOBINARIO,9,2529,25,29,30,0
_30_34_HOMBRES,1,3034,30,34,30,152992
_30_34_MUJERES,2,3034,30,34,30,167311
_30_34_NOBINARIO,9,3034,30,34,30,0
_35_39_HOMBRES,1,3539,35,39,30,144795
_35_39_MUJERES,2,3539,35,39,30,159941
_35_39_NOBINARIO,9,3539,35,39,30,0
_40_44_HOMBRES,1,4044,40,44,30,140811
_40_44_MUJERES,2,4044,40,44,30,155522
_40_44_NOBINARIO,9,4044,40,44,30,0
_45_49_HOMBRES,1,4549,45,49,30,134666
_45_49_MUJERES,2,4549,45,49,30,152222
_45_49_NOBINARIO,9,4549,45,49,30,0
_50_54_HOMBRES,1,5054,50,54,30,129147
_50_54_MUJERES,2,5054,50,54,30,146679
_50_54_NOBINARIO,9,5054,50,54,30,0
_55_59_HOMBRES,1,5559,55,59,30,115364
_55_59_MUJERES,2,5559,55,59,30,131778
_55_59_NOBINARIO,9,5559,55,59,30,0
_60_64_HOMBRES,1,6064,60,64,30,97868
_60_64_MUJERES,2,6064,60,64,30,111210
_60_64_NOBINARIO,9,6064,60,64,30,0
_65_Y_MAS_HOMBRES,1,65,65,100,30,231124
_65_Y_MAS_MUJERES,2,65,65,100,30,273542
_65_Y_MAS_NOBINARIO,9,65,65,100,30,0
_18_HOMBRES,1,18,18,18,30,20612
_18_MUJERES,2,18,18,18,30,20867
_18_NOBINARIO,9,18,18,18,30,0
_19_HOMBRES,1,19,19,19,30,29301
_19_MUJERES,2,19,19,19,30,29761
_19_NOBINARIO,9,19,19,19,30,0
_20_24_HOMBRES,1,2024,20,24,30,160698
_20_24_MUJERES,2,2024,20,24,30,163574
_20_24_NOBINARIO,9,2024,20,24,30,1
_25_29_HOMBRES,1,2529,25,29,30,151618
_25_29_MUJERES,2,2529,25,29,30,157771
_25_29_NOBINARIO,9,2529,25,29,30,0
_30_34_HOMBRES,1,3034,30,34,30,143256
_30_34_MUJERES,2,3034,30,34,30,158415
_30_34_NOBINARIO,9,3034,30,34,30,1
_35_39_HOMBRES,1,3539,35,39,30,133425
_35_39_MUJERES,2,3539,35,39,30,150992
_35_39_NOBINARIO,9,3539,35,39,30,0
_40_44_HOMBRES,1,4044,40,44,30,126763
_40_44_MUJERES,2,4044,40,44,30,146088
_40_44_NOBINARIO,9,4044,40,44,30,0
_45_49_HOMBRES,1,4549,45,49,30,118915
_45_49_MUJERES,2,4549,45,49,30,138918
_45_49_NOBINARIO,9,4549,45,49,30,1
_50_54_HOMBRES,1,5054,50,54,30,113139
_50_54_MUJERES,2,5054,50,54,30,132166
_50_54_NOBINARIO,9,5054,50,54,30,0
_55_59_HOMBRES,1,5559,55,59,30,99578
_55_59_MUJERES,2,5559,55,59,30,116267
_55_59_NOBINARIO,9,5559,55,59,30,0
_60_64_HOMBRES,1,6064,60,64,30,85427
_60_64_MUJERES,2,6064,60,64,30,99258
_60_64_NOBINARIO,9,6064,60,64,30,0
_65_Y_MAS_HOMBRES,1,65,65,100,30,191729
_65_Y_MAS_MUJERES,2,65,65,100,30,234342
_65_Y_MAS_NOBINARIO,9,65,65,100,30,0
_18_HOMBRES,1,18,18,18,31,13986
_18_MUJERES,2,18,18,18,31,14538
_18_NOBINARIO,9,18,18,18,31,0
_19_HOMBRES,1,19,19,19,31,18749
_19_MUJERES,2,19,19,19,31,18888
_19_NOBINARIO,9,19,19,19,31,0
_20_24_HOMBRES,1,2024,20,24,31,100315
_20_24_MUJERES,2,2024,20,24,31,99612
_20_24_NOBINARIO,9,2024,20,24,31,0
_25_29_HOMBRES,1,2529,25,29,31,99211
_25_29_MUJERES,2,2529,25,29,31,97208
_25_29_NOBINARIO,9,2529,25,29,31,0
_30_34_HOMBRES,1,3034,30,34,31,97911
_30_34_MUJERES,2,3034,30,34,31,99619
_30_34_NOBINARIO,9,3034,30,34,31,0
_35_39_HOMBRES,1,3539,35,39,31,91438
_35_39_MUJERES,2,3539,35,39,31,94442
_35_39_NOBINARIO,9,3539,35,39,31,0
_40_44_HOMBRES,1,4044,40,44,31,84403
_40_44_MUJERES,2,4044,40,44,31,88412
_40_44_NOBINARIO,9,4044,40,44,31,0
_45_49_HOMBRES,1,4549,45,49,31,78942
_45_49_MUJERES,2,4549,45,49,31,84523
_45_49_NOBINARIO,9,4549,45,49,31,0
_50_54_HOMBRES,1,5054,50,54,31,68308
_50_54_MUJERES,2,5054,50,54,31,74170
_50_54_NOBINARIO,9,5054,50,54,31,0
_55_59_HOMBRES,1,5559,55,59,31,55450
_55_59_MUJERES,2,5559,55,59,31,61593
_55_59_NOBINARIO,9,5559,55,59,31,0
_60_64_HOMBRES,1,6064,60,64,31,46113
_60_64_MUJERES,2,6064,60,64,31,51946
_60_64_NOBINARIO,9,6064,60,64,31,0
_65_Y_MAS_HOMBRES,1,65,65,100,31,108428
_65_Y_MAS_MUJERES,2,65,65,100,31,125661
_65_Y_MAS_NOBINARIO,9,65,65,100,31,0
_18_HOMBRES,1,18,18,18,32,9131
_18_MUJERES,2,18,18,18,32,9468
_18_NOBINARIO,9,18,18,18,32,0
_19_HOMBRES,1,19,19,19,32,13056
_19_MUJERES,2,19,19,19,32,13521
_19_NOBINARIO,9,19,19,19,32,0
_20_24_HOMBRES,1,2024,20,24,32,70223
_20_24_MUJERES,2,2024,20,24,32,72167
_20_24_NOBINARIO,9,2024,20,24,32,0
_25_29_HOMBRES,1,2529,25,29,32,69514
_25_29_MUJERES,2,2529,25,29,32,70855
_25_29_NOBINARIO,9,2529,25,29,32,0
_30_34_HOMBRES,1,3034,30,34,32,63557
_30_34_MUJERES,2,3034,30,34,32,68635
_30_34_NOBINARIO,9,3034,30,34,32,0
_35_39_HOMBRES,1,3539,35,39,32,62013
_35_39_MUJERES,2,3539,35,39,32,67210
_35_39_NOBINARIO,9,3539,35,39,32,0
_40_44_HOMBRES,1,4044,40,44,32,57912
_40_44_MUJERES,2,4044,40,44,32,62160
_40_44_NOBINARIO,9,4044,40,44,32,0
_45_49_HOMBRES,1,4549,45,49,32,57862
_45_49_MUJERES,2,4549,45,49,32,61971
_45_49_NOBINARIO,9,4549,45,49,32,0
_50_54_HOMBRES,1,5054,50,54,32,55369
_50_54_MUJERES,2,5054,50,54,32,58015
_50_54_NOBINARIO,9,5054,50,54,32,0
_55_59_HOMBRES,1,5559,55,59,32,49162
_55_59_MUJERES,2,5559,55,59,32,52222
_55_59_NOBINARIO,9,5559,55,59,32,0
_60_64_HOMBRES,1,6064,60,64,32,40524
_60_64_MUJERES,2,6064,60,64,32,43644
_60_64_NOBINARIO,9,6064,60,64,32,0
_65_Y_MAS_HOMBRES,1,65,65,100,32,96037
_65_Y_MAS_MUJERES,2,65,65,100,32,102649
_65_Y_MAS_NOBINARIO,9,65,65,100,32,0