estado,voto,genero,edad,ponderado,partido,encuesta,homo_pon
8.0,7.0,1.0,36.0,79203.88546794432,MORENA-PT-Partido Verde,1,84282.15941868072
8.0,7.0,2.0,47.0,49586.577424869254,MORENA-PT-Partido Verde,1,52765.89398181775
8.0,7.0,1.0,27.0,101306.70300485914,MORENA-PT-Partido Verde,1,107802.13170592685
8.0,98.0,2.0,29.0,84294.86012811598,NS,1,89699.5494289058
8.0,1.0,1.0,38.0,79203.88546794432,PAN-PRI-PRD,1,84282.15941868072
8.0,7.0,1.0,21.0,73284.06203320014,MORENA-PT-Partido Verde,1,77982.77777206337
8.0,7.0,1.0,62.0,44178.093512652755,MORENA-PT-Partido Verde,1,47010.637145493856
8.0,98.0,1.0,21.0,118080.44984751541,NS,1,125651.35207041918
8.0,99.0,2.0,28.0,85196.5582168885,NR,1,90659.06122073832
8.0,7.0,2.0,42.0,68547.68325932708,MORENA-PT-Partido Verde,1,72942.71908645272
14.0,7.0,2.0,18.0,61630.175222286474,MORENA-PT-Partido Verde,1,65581.68481757428
14.0,97.0,2.0,64.0,59851.66091051632,Ninguno,1,63689.13843721161
14.0,1.0,1.0,49.0,103043.63421367088,PAN-PRI-PRD,1,109650.42882134554
14.0,7.0,1.0,44.0,74540.5373766713,MORENA-PT-Partido Verde,1,79319.81388561285
14.0,4.0,2.0,45.0,162469.01963336894,MORENA-PT-Partido Verde,1,172885.96048584444
14.0,1.0,1.0,19.0,118080.44984751541,PAN-PRI-PRD,1,125651.35207041918
14.0,96.0,1.0,37.0,185739.0883468307,Ninguno,1,197648.02398063854
14.0,6.0,1.0,29.0,118080.44984751541,Movimiento Ciudadano,1,125651.35207041918
14.0,6.0,2.0,41.0,162469.01963336894,Movimiento Ciudadano,1,172885.96048584444
14.0,98.0,1.0,65.0,52043.64953013092,NS,1,55380.50488954488
14.0,97.0,2.0,33.0,72365.84550194349,Ninguno,1,77005.68843344045
14.0,6.0,1.0,63.0,89834.86744307537,Movimiento Ciudadano,1,95594.76248495012
14.0,7.0,2.0,35.0,71599.9443206376,MORENA-PT-Partido Verde,1,76190.68036811131
14.0,7.0,1.0,37.0,56688.75029786361,MORENA-PT-Partido Verde,1,60323.43314500694
14.0,7.0,1.0,35.0,79203.88546794432,MORENA-PT-Partido Verde,1,84282.15941868072
14.0,98.0,2.0,20.0,99302.88540954396,NS,1,105669.83638964892
14.0,7.0,1.0,26.0,85417.99066462996,MORENA-PT-Partido Verde,1,90894.69113650259
14.0,7.0,2.0,21.0,85196.5582168885,MORENA-PT-Partido Verde,1,90659.06122073832
14.0,4.0,1.0,49.0,103043.63421367088,MORENA-PT-Partido Verde,1,109650.42882134554
14.0,98.0,1.0,58.0,47861.56287872524,NS,1,50930.27758347205
25.0,7.0,1.0,60.0,46662.678858350475,MORENA-PT-Partido Verde,1,49654.52534565248
25.0,99.0,2.0,23.0,84294.86012811598,NR,1,89699.5494289058
25.0,7.0,2.0,48.0,72402.81949916674,MORENA-PT-Partido Verde,1,77045.03307303615
25.0,99.0,1.0,62.0,64505.73313434006,NR,1,68641.61336690582
25.0,7.0,2.0,25.0,71834.52425729156,MORENA-PT-Partido Verde,1,76440.30074343362
25.0,2.0,2.0,73.0,86466.24439835144,PAN-PRI-PRD,1,92010.15520464478
25.0,7.0,2.0,27.0,99302.88540954396,MORENA-PT-Partido Verde,1,105669.83638964892
25.0,7.0,2.0,24.0,71834.52425729156,MORENA-PT-Partido Verde,1,76440.30074343362
25.0,7.0,2.0,39.0,52348.590503384905,MORENA-PT-Partido Verde,1,55704.99760311865
25.0,7.0,1.0,31.0,66781.72864019462,MORENA-PT-Partido Verde,1,71063.53768194806
26.0,99.0,1.0,33.0,175421.87651195272,NR,1,186669.30889000813
26.0,4.0,2.0,67.0,86466.24439835144,MORENA-PT-Partido Verde,1,92010.15520464478
26.0,7.0,2.0,33.0,71599.9443206376,MORENA-PT-Partido Verde,1,76190.68036811131
26.0,7.0,1.0,74.0,46662.678858350475,MORENA-PT-Partido Verde,1,49654.52534565248
26.0,7.0,2.0,47.0,49586.577424869254,MORENA-PT-Partido Verde,1,52765.89398181775
26.0,7.0,2.0,37.0,71599.9443206376,MORENA-PT-Partido Verde,1,76190.68036811131
26.0,99.0,2.0,60.0,86466.24439835144,NR,1,92010.15520464478
26.0,7.0,2.0,37.0,51794.54671341547,MORENA-PT-Partido Verde,1,55115.430478283175
26.0,2.0,2.0,27.0,157232.60251206192,PAN-PRI-PRD,1,167313.80275654557
26.0,99.0,2.0,35.0,439670.1152341346,NR,1,467860.21323146624
2.0,1.0,1.0,56.0,96805.85518882747,PAN-PRI-PRD,1,103012.70539295222
2.0,7.0,2.0,54.0,50514.985140333905,MORENA-PT-Partido Verde,1,53753.82792745724
2.0,4.0,1.0,54.0,147790.2792558302,MORENA-PT-Partido Verde,1,157266.07101633283
2.0,5.0,2.0,28.0,85372.26562510624,MORENA-PT-Partido Verde,1,90846.03436862062
2.0,5.0,1.0,70.0,46758.914886358085,MORENA-PT-Partido Verde,1,49756.931688553945
2.0,1.0,1.0,37.0,148041.252978711,PAN-PRI-PRD,1,157533.13628966847
2.0,99.0,1.0,39.0,114659.91961181747,NR,1,122011.50949302201
2.0,6.0,2.0,31.0,51901.366586815275,Movimiento Ciudadano,1,55229.09926543643
2.0,7.0,1.0,18.0,101515.63560252058,MORENA-PT-Partido Verde,1,108024.46032528464
2.0,5.0,2.0,67.0,62677.649968653444,MORENA-PT-Partido Verde,1,66696.31995243863
2.0,7.0,1.0,38.0,57413.31133391728,MORENA-PT-Partido Verde,1,61094.450480689986
2.0,4.0,1.0,36.0,177664.0119607698,MORENA-PT-Partido Verde,1,189055.2021605088
2.0,7.0,2.0,50.0,43339.15227724177,MORENA-PT-Partido Verde,1,46117.90595524902
2.0,98.0,2.0,21.0,99507.68538021222,NS,1,105887.76741253783
2.0,7.0,1.0,27.0,118323.9762321268,MORENA-PT-Partido Verde,1,125910.49250840665
2.0,7.0,1.0,44.0,92580.1431159917,MORENA-PT-Partido Verde,1,98516.05555720229
2.0,4.0,1.0,42.0,103256.14901802399,MORENA-PT-Partido Verde,1,109876.56932586116
2.0,99.0,2.0,56.0,42880.46202501438,NR,1,45629.8061008843
2.0,1.0,1.0,37.0,206213.28956452804,PAN-PRI-PRD,1,219434.9588109823
2.0,7.0,1.0,69.0,64638.76826417931,MORENA-PT-Partido Verde,1,68783.17824033536
2.0,96.0,1.0,25.0,264868.90548485384,Ninguno,1,281851.36606916675
2.0,4.0,2.0,64.0,193142.09679152662,MORENA-PT-Partido Verde,1,205525.6872319727
2.0,7.0,1.0,38.0,114659.91961181747,MORENA-PT-Partido Verde,1,122011.50949302201
2.0,7.0,1.0,35.0,56805.663863369184,MORENA-PT-Partido Verde,1,60447.842796224555
2.0,7.0,1.0,37.0,79367.23372669582,MORENA-PT-Partido Verde,1,84455.98099199774
2.0,7.0,1.0,61.0,37725.39990649837,MORENA-PT-Partido Verde,1,40144.21957038748
2.0,98.0,1.0,70.0,64638.76826417931,NS,1,68783.17824033536
2.0,7.0,1.0,27.0,85594.1547499988,MORENA-PT-Partido Verde,1,91082.15024206517
2.0,98.0,2.0,58.0,86552.46667887685,NS,1,92101.9057538729
2.0,6.0,2.0,25.0,85372.26562510624,Movimiento Ciudadano,1,90846.03436862062
8.0,7.0,1.0,49.0,196206.4914098743,MORENA-PT-Partido Verde,1,208786.56003157614
8.0,2.0,1.0,54.0,96805.85518882747,PAN-PRI-PRD,1,103012.70539295222
8.0,7.0,1.0,40.0,63405.43733492907,MORENA-PT-Partido Verde,1,67470.77047926499
8.0,96.0,2.0,33.0,84521.69826096325,Ninguno,1,89940.93162325039
8.0,7.0,1.0,37.0,79367.23372669582,MORENA-PT-Partido Verde,1,84455.98099199774
8.0,7.0,1.0,32.0,56805.663863369184,MORENA-PT-Partido Verde,1,60447.842796224555
8.0,96.0,1.0,47.0,87650.65187124659,Ninguno,1,93270.50270978866
8.0,7.0,1.0,72.0,37725.39990649837,MORENA-PT-Partido Verde,1,40144.21957038748
8.0,7.0,2.0,47.0,68689.05441347824,MORENA-PT-Partido Verde,1,73093.15446068942
8.0,7.0,1.0,68.0,64638.76826417931,MORENA-PT-Partido Verde,1,68783.17824033536
8.0,2.0,1.0,74.0,64638.76826417931,PAN-PRI-PRD,1,68783.17824033536
8.0,96.0,1.0,28.0,118323.9762321268,Ninguno,1,125910.49250840665
8.0,7.0,2.0,33.0,133828.60459191867,MORENA-PT-Partido Verde,1,142409.22298642408
8.0,96.0,1.0,80.0,46758.914886358085,Ninguno,1,49756.931688553945
8.0,6.0,1.0,50.0,66299.5041727169,Movimiento Ciudadano,1,70550.39468140682
8.0,1.0,2.0,48.0,68689.05441347824,PAN-PRI-PRD,1,73093.15446068942
8.0,1.0,1.0,50.0,96805.85518882747,PAN-PRI-PRD,1,103012.70539295222
8.0,7.0,1.0,67.0,44742.75096299734,MORENA-PT-Partido Verde,1,47611.49844119569
8.0,7.0,2.0,60.0,42926.092719569526,MORENA-PT-Partido Verde,1,45678.362474730864
8.0,1.0,2.0,50.0,59277.25770865782,PAN-PRI-PRD,1,63077.90652676155
10.0,7.0,2.0,53.0,69831.09908111095,MORENA-PT-Partido Verde,1,74308.42300682192
10.0,2.0,2.0,32.0,71747.6103873006,PAN-PRI-PRD,1,76347.81426246121
10.0,7.0,1.0,29.0,85594.1547499988,MORENA-PT-Partido Verde,1,91082.15024206517
10.0,7.0,2.0,73.0,42926.092719569526,MORENA-PT-Partido Verde,1,45678.362474730864
10.0,6.0,1.0,26.0,118323.9762321268,Movimiento Ciudadano,1,125910.49250840665
10.0,7.0,1.0,73.0,44269.20538939503,MORENA-PT-Partido Verde,1,47107.590794612945
10.0,2.0,2.0,31.0,160607.44102409767,PAN-PRI-PRD,1,170905.0240180179
10.0,4.0,1.0,76.0,99096.87243074192,MORENA-PT-Partido Verde,1,105450.61458482045
10.0,98.0,2.0,37.0,71747.6103873006,NS,1,76347.81426246121
10.0,7.0,1.0,60.0,32366.373002495715,MORENA-PT-Partido Verde,1,34441.590751313284
14.0,2.0,1.0,38.0,92508.3768756311,PAN-PRI-PRD,1,98439.6879184783
14.0,7.0,1.0,67.0,64638.76826417931,MORENA-PT-Partido Verde,1,68783.17824033536
14.0,4.0,2.0,47.0,49688.84363355261,MORENA-PT-Partido Verde,1,52874.71713932412
14.0,7.0,2.0,33.0,71747.6103873006,MORENA-PT-Partido Verde,1,76347.81426246121
14.0,1.0,2.0,29.0,71982.67411618224,PAN-PRI-PRD,1,76597.94944906351
14.0,98.0,2.0,36.0,84521.69826096325,NS,1,89940.93162325039
14.0,7.0,1.0,28.0,85594.1547499988,MORENA-PT-Partido Verde,1,91082.15024206517
14.0,1.0,2.0,33.0,598183.2678512849,PAN-PRI-PRD,1,636536.6704520324
14.0,7.0,1.0,39.0,92508.3768756311,MORENA-PT-Partido Verde,1,98439.6879184783
14.0,7.0,1.0,39.0,79367.23372669582,MORENA-PT-Partido Verde,1,84455.98099199774
14.0,1.0,2.0,30.0,71747.6103873006,PAN-PRI-PRD,1,76347.81426246121
14.0,1.0,2.0,62.0,86644.57037793948,PAN-PRI-PRD,1,92199.91481746345
14.0,99.0,2.0,18.0,85372.26562510624,NR,1,90846.03436862062
14.0,98.0,1.0,35.0,82943.619842718,NS,1,88261.67237938973
14.0,6.0,2.0,64.0,174324.471707259,Movimiento Ciudadano,1,185501.54235747538
14.0,7.0,1.0,38.0,78527.23168365157,MORENA-PT-Partido Verde,1,83562.12097887343
14.0,7.0,1.0,20.0,72657.98242094199,MORENA-PT-Partido Verde,1,77316.55614193283
14.0,7.0,1.0,23.0,100441.22066699827,MORENA-PT-Partido Verde,1,106881.15769129769
14.0,7.0,2.0,69.0,59340.336843369405,MORENA-PT-Partido Verde,1,63145.03007324345
14.0,1.0,1.0,38.0,79367.23372669582,PAN-PRI-PRD,1,84455.98099199774
14.0,5.0,2.0,42.0,49688.84363355261,MORENA-PT-Partido Verde,1,52874.71713932412
14.0,7.0,1.0,36.0,78527.23168365157,MORENA-PT-Partido Verde,1,83562.12097887343
14.0,7.0,2.0,28.0,84468.7078950819,MORENA-PT-Partido Verde,1,89884.54370189425
14.0,98.0,1.0,53.0,147790.2792558302,NS,1,157266.07101633283
14.0,4.0,2.0,63.0,86644.57037793948,MORENA-PT-Partido Verde,1,92199.91481746345
14.0,97.0,2.0,41.0,80918.59087190602,Ninguno,1,86106.80568898603
14.0,4.0,2.0,25.0,61757.279868095604,MORENA-PT-Partido Verde,1,65716.938965242
14.0,96.0,2.0,61.0,62677.649968653444,Ninguno,1,66696.31995243863
14.0,6.0,2.0,18.0,84468.7078950819,Movimiento Ciudadano,1,89884.54370189425
14.0,7.0,1.0,56.0,194768.46027802012,MORENA-PT-Partido Verde,1,207256.32741245782
14.0,7.0,2.0,65.0,62677.649968653444,MORENA-PT-Partido Verde,1,66696.31995243863
14.0,1.0,2.0,32.0,84521.69826096325,PAN-PRI-PRD,1,89940.93162325039
14.0,7.0,2.0,85.0,62677.649968653444,MORENA-PT-Partido Verde,1,66696.31995243863
14.0,7.0,1.0,39.0,78527.23168365157,MORENA-PT-Partido Verde,1,83562.12097887343
14.0,6.0,2.0,59.0,119262.8296180902,Movimiento Ciudadano,1,126909.54186411735
14.0,7.0,1.0,28.0,100441.22066699827,MORENA-PT-Partido Verde,1,106881.15769129769
14.0,6.0,1.0,36.0,159682.84025095103,Movimiento Ciudadano,1,169921.14110241877
14.0,7.0,1.0,29.0,100441.22066699827,MORENA-PT-Partido Verde,1,106881.15769129769
14.0,2.0,2.0,52.0,132692.48439246436,PAN-PRI-PRD,1,141200.25876448647
14.0,7.0,2.0,39.0,71747.6103873006,MORENA-PT-Partido Verde,1,76347.81426246121
14.0,6.0,1.0,19.0,100441.22066699827,Movimiento Ciudadano,1,106881.15769129769
14.0,7.0,2.0,40.0,69423.81794461276,MORENA-PT-Partido Verde,1,73875.02843947517
14.0,6.0,1.0,25.0,238061.8261132219,Movimiento Ciudadano,1,253325.5112603957
14.0,7.0,1.0,56.0,47960.271457365976,MORENA-PT-Partido Verde,1,51035.315008237754
14.0,97.0,2.0,40.0,154754.7839017237,Ninguno,1,164677.1151509657
14.0,96.0,1.0,39.0,92508.3768756311,Ninguno,1,98439.6879184783
14.0,98.0,1.0,28.0,118323.9762321268,NS,1,125910.49250840665
14.0,6.0,2.0,50.0,59277.25770865782,Movimiento Ciudadano,1,63077.90652676155
14.0,7.0,1.0,31.0,79367.23372669582,MORENA-PT-Partido Verde,1,84455.98099199774
14.0,2.0,1.0,59.0,133391.23258327987,PAN-PRI-PRD,1,141943.80822628227
18.0,7.0,2.0,56.0,42880.46202501438,MORENA-PT-Partido Verde,1,45629.8061008843
18.0,6.0,1.0,49.0,163492.05734073094,Movimiento Ciudadano,1,173974.59176490083
18.0,2.0,2.0,22.0,85372.26562510624,PAN-PRI-PRD,1,90846.03436862062
18.0,4.0,1.0,58.0,157140.4740896789,MORENA-PT-Partido Verde,1,167215.76738446247
18.0,98.0,1.0,68.0,64638.76826417931,NS,1,68783.17824033536
18.0,7.0,1.0,41.0,63405.43733492907,MORENA-PT-Partido Verde,1,67470.77047926499
18.0,7.0,1.0,40.0,87650.65187124659,MORENA-PT-Partido Verde,1,93270.50270978866
18.0,7.0,1.0,23.0,73435.20138522352,MORENA-PT-Partido Verde,1,78143.60764658799
18.0,7.0,1.0,40.0,88588.24670385972,MORENA-PT-Partido Verde,1,94268.21281814456
18.0,7.0,1.0,48.0,87650.65187124659,MORENA-PT-Partido Verde,1,93270.50270978866
25.0,4.0,2.0,37.0,52456.55302386358,MORENA-PT-Partido Verde,1,55819.88229985374
25.0,7.0,1.0,32.0,92508.3768756311,MORENA-PT-Partido Verde,1,98439.6879184783
25.0,7.0,2.0,73.0,59340.336843369405,MORENA-PT-Partido Verde,1,63145.03007324345
25.0,7.0,1.0,24.0,220706.0631487695,MORENA-PT-Partido Verde,1,234856.95795192404
25.0,2.0,2.0,55.0,110568.04038994692,PAN-PRI-PRD,1,117657.27339889431
25.0,7.0,2.0,53.0,50514.985140333905,MORENA-PT-Partido Verde,1,53753.82792745724
25.0,7.0,1.0,23.0,101515.63560252058,MORENA-PT-Partido Verde,1,108024.46032528464
25.0,7.0,2.0,67.0,42926.092719569526,MORENA-PT-Partido Verde,1,45678.362474730864
25.0,5.0,2.0,32.0,84521.69826096325,MORENA-PT-Partido Verde,1,89940.93162325039
25.0,7.0,2.0,63.0,50568.74001489781,MORENA-PT-Partido Verde,1,53811.02937509784
25.0,2.0,2.0,30.0,52456.55302386358,PAN-PRI-PRD,1,55819.88229985374
25.0,1.0,2.0,20.0,85372.26562510624,PAN-PRI-PRD,1,90846.03436862062
25.0,7.0,1.0,53.0,56499.21399125622,MORENA-PT-Partido Verde,1,60121.74443851566
25.0,7.0,2.0,51.0,59277.25770865782,MORENA-PT-Partido Verde,1,63077.90652676155
25.0,7.0,2.0,26.0,85372.26562510624,MORENA-PT-Partido Verde,1,90846.03436862062
25.0,7.0,2.0,52.0,69831.09908111095,MORENA-PT-Partido Verde,1,74308.42300682192
25.0,7.0,1.0,44.0,127981.29364813492,MORENA-PT-Partido Verde,1,136187.00307608856
25.0,7.0,1.0,69.0,64638.76826417931,MORENA-PT-Partido Verde,1,68783.17824033536
25.0,7.0,2.0,48.0,68689.05441347824,MORENA-PT-Partido Verde,1,73093.15446068942
25.0,7.0,2.0,34.0,51901.366586815275,MORENA-PT-Partido Verde,1,55229.09926543643
25.0,7.0,2.0,29.0,61103.656970758726,MORENA-PT-Partido Verde,1,65021.4080716807
25.0,96.0,2.0,52.0,86552.46667887685,Ninguno,1,92101.9057538729
25.0,7.0,1.0,35.0,78527.23168365157,MORENA-PT-Partido Verde,1,83562.12097887343
25.0,7.0,2.0,47.0,50220.36281834746,MORENA-PT-Partido Verde,1,53440.315460698104
25.0,7.0,2.0,28.0,169946.74698455245,MORENA-PT-Partido Verde,1,180843.13335657373
25.0,7.0,2.0,19.0,85372.26562510624,MORENA-PT-Partido Verde,1,90846.03436862062
25.0,7.0,2.0,37.0,52456.55302386358,MORENA-PT-Partido Verde,1,55819.88229985374
25.0,2.0,2.0,25.0,61103.656970758726,PAN-PRI-PRD,1,65021.4080716807
25.0,7.0,2.0,49.0,68689.05441347824,MORENA-PT-Partido Verde,1,73093.15446068942
25.0,7.0,1.0,29.0,73435.20138522352,MORENA-PT-Partido Verde,1,78143.60764658799
26.0,7.0,2.0,32.0,170053.36090735852,MORENA-PT-Partido Verde,1,180956.58298830714
26.0,7.0,2.0,34.0,52456.55302386358,MORENA-PT-Partido Verde,1,55819.88229985374
26.0,7.0,2.0,27.0,84468.7078950819,MORENA-PT-Partido Verde,1,89884.54370189425
26.0,1.0,2.0,23.0,84468.7078950819,PAN-PRI-PRD,1,89884.54370189425
26.0,1.0,1.0,19.0,101515.63560252058,PAN-PRI-PRD,1,108024.46032528464
26.0,7.0,2.0,60.0,59340.336843369405,MORENA-PT-Partido Verde,1,63145.03007324345
26.0,7.0,1.0,55.0,66299.5041727169,MORENA-PT-Partido Verde,1,70550.39468140682
26.0,7.0,2.0,31.0,52456.55302386358,MORENA-PT-Partido Verde,1,55819.88229985374
26.0,7.0,2.0,34.0,71747.6103873006,MORENA-PT-Partido Verde,1,76347.81426246121
26.0,99.0,2.0,27.0,84468.7078950819,NR,1,89884.54370189425
1.0,99.0,1.0,53.0,61627.030218069965,NR,1,65578.3381667732
1.0,2.0,1.0,72.0,41149.32219032891,PAN-PRI-PRD,1,43787.671682086875
1.0,1.0,2.0,44.0,142924.51214177383,PAN-PRI-PRD,1,152088.32806624676
1.0,2.0,2.0,32.0,66691.17979968285,PAN-PRI-PRD,1,70967.18316895794
1.0,98.0,2.0,30.0,176122.73098392008,NS,1,187415.09968027883
1.0,1.0,2.0,23.0,175757.97148812795,PAN-PRI-PRD,1,187026.95309135583
1.0,96.0,1.0,63.0,92246.2931068352,Ninguno,1,98160.80026224529
1.0,5.0,1.0,40.0,81473.45050169609,MORENA-PT-Partido Verde,1,86697.24096241569
1.0,96.0,1.0,35.0,72993.0056083474,Ninguno,1,77673.05983519275
1.0,98.0,2.0,51.0,55099.6783104008,NS,1,58632.475463021685
11.0,98.0,2.0,29.0,56797.361632775785,NS,1,60439.00825587001
11.0,98.0,2.0,66.0,80538.27285046727,NS,1,85702.10301659415
11.0,7.0,2.0,18.0,78515.7548142523,MORENA-PT-Partido Verde,1,83549.90825306304
11.0,1.0,1.0,26.0,305156.41778886097,PAN-PRI-PRD,1,324721.9716528112
11.0,6.0,2.0,23.0,78515.7548142523,Movimiento Ciudadano,1,83549.90825306304
11.0,99.0,2.0,61.0,123472.20042678168,NR,1,131388.8026914673
11.0,7.0,2.0,36.0,149288.59189435656,MORENA-PT-Partido Verde,1,158860.45017984512
11.0,98.0,2.0,34.0,66691.17979968285,NS,1,70967.18316895794
11.0,98.0,1.0,46.0,134682.58759377582,NS,1,143317.96036815897
11.0,7.0,2.0,67.0,80538.27285046727,MORENA-PT-Partido Verde,1,85702.10301659415
19.0,96.0,1.0,39.0,73773.80829964762,Ninguno,1,78503.92484281075
19.0,7.0,2.0,53.0,123340.94873563586,MORENA-PT-Partido Verde,1,131249.1356045338
19.0,7.0,1.0,53.0,61627.030218069965,MORENA-PT-Partido Verde,1,65578.3381667732
19.0,6.0,1.0,19.0,93362.60079803366,Movimiento Ciudadano,1,99348.68166773474
19.0,7.0,2.0,43.0,46187.01008877265,MORENA-PT-Partido Verde,1,49148.358371252325
19.0,6.0,1.0,18.0,109985.06474170896,Movimiento Ciudadano,1,117036.91940701992
19.0,6.0,1.0,47.0,81473.45050169609,Movimiento Ciudadano,1,86697.24096241569
19.0,6.0,1.0,20.0,94361.29607523646,Movimiento Ciudadano,1,100411.40976581468
19.0,7.0,1.0,73.0,29766.92943877131,MORENA-PT-Partido Verde,1,31675.480029051392
19.0,1.0,1.0,37.0,72993.0056083474,PAN-PRI-PRD,1,77673.05983519275
22.0,98.0,2.0,40.0,93226.59931633758,NS,1,99203.9602504234
22.0,1.0,2.0,58.0,80452.66018237636,PAN-PRI-PRD,1,85611.001166001
22.0,2.0,2.0,23.0,555677.5568752568,PAN-PRI-PRD,1,591305.6431164369
22.0,98.0,2.0,32.0,67404.57216158914,NS,1,71726.31573447569
22.0,5.0,1.0,59.0,167843.33247281372,MORENA-PT-Partido Verde,1,178604.85532065996
22.0,7.0,2.0,57.0,80452.66018237636,MORENA-PT-Partido Verde,1,85611.001166001
22.0,1.0,2.0,72.0,80538.27285046727,PAN-PRI-PRD,1,85702.10301659415
22.0,1.0,2.0,55.0,80452.66018237636,PAN-PRI-PRD,1,85611.001166001
22.0,6.0,2.0,30.0,67404.57216158914,Movimiento Ciudadano,1,71726.31573447569
22.0,96.0,2.0,41.0,93226.59931633758,Ninguno,1,99203.9602504234
24.0,7.0,1.0,51.0,61627.030218069965,MORENA-PT-Partido Verde,1,65578.3381667732
24.0,7.0,2.0,74.0,80538.27285046727,MORENA-PT-Partido Verde,1,85702.10301659415
24.0,99.0,2.0,22.0,114643.1618973979,NR,1,121993.67733302306
24.0,5.0,1.0,37.0,162710.97072577054,MORENA-PT-Partido Verde,1,173143.42462943838
24.0,98.0,2.0,51.0,80452.66018237636,NS,1,85611.001166001
24.0,7.0,1.0,48.0,86055.53463174017,MORENA-PT-Partido Verde,1,91573.11217550766
24.0,7.0,1.0,32.0,53367.094017436095,MORENA-PT-Partido Verde,1,56788.80397237173
24.0,98.0,2.0,40.0,63848.17631459832,NS,1,67941.89632170173
24.0,7.0,2.0,38.0,66691.17979968285,MORENA-PT-Partido Verde,1,70967.18316895794
24.0,98.0,1.0,28.0,136321.47820233667,NS,1,145061.93086562157
24.0,1.0,2.0,19.0,78515.7548142523,PAN-PRI-PRD,1,83549.90825306304
24.0,2.0,1.0,20.0,94361.29607523646,PAN-PRI-PRD,1,100411.40976581468
24.0,7.0,1.0,23.0,93362.60079803366,MORENA-PT-Partido Verde,1,99348.68166773474
24.0,99.0,1.0,64.0,43463.56879470543,NR,1,46250.29962125715
24.0,7.0,1.0,45.0,58936.92345647432,MORENA-PT-Partido Verde,1,62715.751241970924
24.0,98.0,2.0,59.0,58198.49590069521,NS,1,61929.978314195694
24.0,7.0,1.0,49.0,86055.53463174017,MORENA-PT-Partido Verde,1,91573.11217550766
24.0,98.0,1.0,67.0,43463.56879470543,NS,1,46250.29962125715
24.0,4.0,2.0,32.0,150885.52482457424,MORENA-PT-Partido Verde,1,160559.77282052566
24.0,7.0,2.0,32.0,97377.75228667425,MORENA-PT-Partido Verde,1,103621.27051683508
1.0,7.0,2.0,73.0,61011.83856073572,MORENA-PT-Partido Verde,1,64923.70258885738
1.0,7.0,2.0,33.0,69840.74266118516,MORENA-PT-Partido Verde,1,74318.68489925787
1.0,4.0,1.0,23.0,97771.75026892294,MORENA-PT-Partido Verde,1,104040.5302609036
1.0,1.0,2.0,51.0,84252.12379031607,PAN-PRI-PRD,1,89654.0729877673
1.0,96.0,2.0,62.0,68047.50222083829,Ninguno,1,72410.46820286223
1.0,7.0,1.0,84.0,50764.943582995445,MORENA-PT-Partido Verde,1,54019.8128243847
1.0,7.0,1.0,57.0,54997.609587579784,MORENA-PT-Partido Verde,1,58523.86245347503
1.0,7.0,2.0,58.0,60946.98260965252,MORENA-PT-Partido Verde,1,64854.68830280122
1.0,99.0,1.0,45.0,85321.12203291392,NR,1,90791.61162957277
1.0,7.0,1.0,71.0,117364.2933865789,MORENA-PT-Partido Verde,1,124889.27818158452
5.0,99.0,1.0,45.0,85321.12203291392,NR,1,90791.61162957277
5.0,7.0,1.0,63.0,50764.943582995445,MORENA-PT-Partido Verde,1,54019.8128243847
5.0,7.0,1.0,58.0,54997.609587579784,MORENA-PT-Partido Verde,1,58523.86245347503
5.0,6.0,2.0,29.0,216828.44411355836,Movimiento Ciudadano,1,230730.71965237946
5.0,7.0,2.0,35.0,82275.32799580347,MORENA-PT-Partido Verde,1,87550.53201491036
5.0,7.0,1.0,64.0,31506.157703941222,MORENA-PT-Partido Verde,1,33526.22147998505
5.0,7.0,2.0,33.0,153465.63151836646,MORENA-PT-Partido Verde,1,163305.3068609158
5.0,7.0,1.0,39.0,65140.909936218726,MORENA-PT-Partido Verde,1,69317.51546638871
5.0,97.0,1.0,58.0,65227.78699327618,Ninguno,1,69409.96277411208
5.0,7.0,2.0,43.0,66863.47527165871,MORENA-PT-Partido Verde,1,71150.52561927325
5.0,2.0,1.0,49.0,124579.87864508749,PAN-PRI-PRD,1,132567.50133268026
5.0,7.0,2.0,59.0,57701.82001802116,MORENA-PT-Partido Verde,1,61401.45732465546
5.0,7.0,2.0,30.0,158011.25639437357,MORENA-PT-Partido Verde,1,168142.381181117
5.0,7.0,2.0,28.0,60115.929540224446,MORENA-PT-Partido Verde,1,63970.351039937144
5.0,6.0,1.0,32.0,55887.412564033526,Movimiento Ciudadano,1,59470.716460315925
5.0,7.0,2.0,26.0,70069.55899819177,MORENA-PT-Partido Verde,1,74562.17213323954
5.0,7.0,1.0,37.0,76440.1789872561,MORENA-PT-Partido Verde,1,81341.25382022902
5.0,7.0,1.0,30.0,76440.1789872561,MORENA-PT-Partido Verde,1,81341.25382022902
5.0,2.0,1.0,41.0,124579.87864508749,PAN-PRI-PRD,1,132567.50133268026
5.0,2.0,2.0,35.0,69840.74266118516,PAN-PRI-PRD,1,74318.68489925787
11.0,7.0,1.0,38.0,76440.1789872561,MORENA-PT-Partido Verde,1,81341.25382022902
11.0,1.0,1.0,43.0,100511.86503389402,PAN-PRI-PRD,1,106956.33152598473
11.0,7.0,1.0,76.0,62920.83535472798,MORENA-PT-Partido Verde,1,66955.09752826503
11.0,7.0,1.0,65.0,62920.83535472798,MORENA-PT-Partido Verde,1,66955.09752826503
11.0,97.0,1.0,73.0,62920.83535472798,Ninguno,1,66955.09752826503
11.0,1.0,2.0,55.0,126791.98289433634,PAN-PRI-PRD,1,134921.43790895326
11.0,1.0,1.0,59.0,175769.9147899206,PAN-PRI-PRD,1,187039.6621555605
11.0,7.0,2.0,75.0,61011.83856073572,MORENA-PT-Partido Verde,1,64923.70258885738
11.0,7.0,1.0,46.0,85321.12203291392,MORENA-PT-Partido Verde,1,90791.61162957277
11.0,99.0,2.0,62.0,157320.11997242668,NR,1,167406.93152797897
11.0,7.0,2.0,48.0,48368.24143145348,MORENA-PT-Partido Verde,1,51469.442579011964
11.0,6.0,2.0,21.0,82223.74597812981,Movimiento Ciudadano,1,87495.64274008473
11.0,7.0,1.0,32.0,55887.412564033526,MORENA-PT-Partido Verde,1,59470.716460315925
11.0,1.0,2.0,56.0,126791.98289433634,PAN-PRI-PRD,1,134921.43790895326
11.0,7.0,2.0,36.0,70587.82574644456,MORENA-PT-Partido Verde,1,75113.66831855384
11.0,2.0,2.0,50.0,157152.88773937116,PAN-PRI-PRD,1,167228.9769536162
11.0,7.0,2.0,72.0,84341.77960895107,MORENA-PT-Partido Verde,1,89749.47722146573
11.0,6.0,1.0,28.0,184321.43990562056,Movimiento Ciudadano,1,196139.48091844152
11.0,7.0,2.0,21.0,82223.74597812981,MORENA-PT-Partido Verde,1,87495.64274008473
11.0,7.0,2.0,38.0,59516.99208251946,MORENA-PT-Partido Verde,1,63333.01182363643
19.0,4.0,2.0,28.0,96863.02595911513,MORENA-PT-Partido Verde,1,103073.54175150969
19.0,7.0,1.0,38.0,77257.85592738575,MORENA-PT-Partido Verde,1,82211.35732353352
19.0,7.0,1.0,72.0,43092.64329119912,MORENA-PT-Partido Verde,1,45855.591681939884
19.0,2.0,2.0,87.0,84341.77960895107,PAN-PRI-PRD,1,89749.47722146573
19.0,7.0,1.0,46.0,173498.0185536085,MORENA-PT-Partido Verde,1,184622.09994077432
19.0,6.0,1.0,39.0,76440.1789872561,Movimiento Ciudadano,1,81341.25382022902
19.0,7.0,1.0,65.0,31172.704771325254,MORENA-PT-Partido Verde,1,33171.388720716684
19.0,7.0,2.0,44.0,48368.24143145348,MORENA-PT-Partido Verde,1,51469.442579011964
19.0,6.0,1.0,71.0,126593.52264946002,Movimiento Ciudadano,1,134710.25309272722
19.0,1.0,2.0,48.0,97629.32597063895,PAN-PRI-PRD,1,103888.9742186445
19.0,2.0,2.0,65.0,188799.56170372595,PAN-PRI-PRD,1,200904.72410132727
19.0,6.0,2.0,65.0,84341.77960895107,Movimiento Ciudadano,1,89749.47722146573
19.0,2.0,1.0,32.0,76440.1789872561,PAN-PRI-PRD,1,81341.25382022902
19.0,98.0,2.0,78.0,84341.77960895107,NS,1,89749.47722146573
19.0,7.0,2.0,24.0,59479.678265458286,MORENA-PT-Partido Verde,1,63293.30557615263
19.0,6.0,2.0,19.0,96863.02595911513,Movimiento Ciudadano,1,103073.54175150969
19.0,5.0,2.0,24.0,83103.28945785665,MORENA-PT-Partido Verde,1,88431.57944743226
19.0,96.0,1.0,50.0,64537.43315624713,Ninguno,1,68675.34588247829
19.0,6.0,2.0,29.0,83103.28945785665,Movimiento Ciudadano,1,88431.57944743226
19.0,7.0,1.0,23.0,98817.6100072203,MORENA-PT-Partido Verde,1,105153.44683907364
19.0,2.0,2.0,50.0,41740.80916863307,PAN-PRI-PRD,1,44417.082720509745
19.0,7.0,2.0,53.0,42187.308608740794,MORENA-PT-Partido Verde,1,44892.21013085303
19.0,7.0,1.0,45.0,85321.12203291392,MORENA-PT-Partido Verde,1,90791.61162957277
19.0,2.0,1.0,24.0,98817.6100072203,PAN-PRI-PRD,1,105153.44683907364
19.0,6.0,1.0,55.0,121667.37911976723,Movimiento Ciudadano,1,129468.26260405472
19.0,6.0,1.0,53.0,129846.03525912102,Movimiento Ciudadano,1,138171.30534615062
19.0,99.0,1.0,46.0,173498.0185536085,NR,1,184622.09994077432
19.0,7.0,1.0,29.0,97771.75026892294,MORENA-PT-Partido Verde,1,104040.5302609036
19.0,6.0,2.0,35.0,140516.02443115794,Movimiento Ciudadano,1,149525.41661329518
19.0,6.0,2.0,28.0,70069.55899819177,Movimiento Ciudadano,1,74562.17213323954
22.0,7.0,2.0,40.0,48885.63419762842,MORENA-PT-Partido Verde,1,52020.00874559829
22.0,6.0,2.0,32.0,131665.29407502402,Movimiento Ciudadano,1,140107.208624631
22.0,7.0,2.0,58.0,42187.308608740794,MORENA-PT-Partido Verde,1,44892.21013085303
22.0,97.0,1.0,57.0,64537.43315624713,Ninguno,1,68675.34588247829
22.0,1.0,2.0,65.0,58381.113102220996,PAN-PRI-PRD,1,62124.30428697664
22.0,7.0,1.0,74.0,31172.704771325254,MORENA-PT-Partido Verde,1,33171.388720716684
22.0,7.0,2.0,70.0,41785.22711619501,MORENA-PT-Partido Verde,1,44464.34859030071
22.0,7.0,1.0,72.0,31172.704771325254,MORENA-PT-Partido Verde,1,33171.388720716684
22.0,6.0,1.0,64.0,94690.2834146831,Movimiento Ciudadano,1,100761.49061382044
22.0,7.0,2.0,21.0,96863.02595911513,MORENA-PT-Partido Verde,1,103073.54175150969
22.0,98.0,2.0,27.0,180675.61457006572,NS,1,192259.89811352646
22.0,7.0,1.0,58.0,65227.78699327618,MORENA-PT-Partido Verde,1,69409.96277411208
22.0,98.0,1.0,24.0,198816.0087209413,NS,1,211563.3903943513
22.0,7.0,1.0,24.0,83319.28133810611,MORENA-PT-Partido Verde,1,88661.41996569438
22.0,7.0,2.0,32.0,69840.74266118516,MORENA-PT-Partido Verde,1,74318.68489925787
22.0,7.0,1.0,31.0,77257.85592738575,MORENA-PT-Partido Verde,1,82211.35732353352
22.0,96.0,2.0,58.0,84252.12379031607,Ninguno,1,89654.0729877673
22.0,7.0,2.0,32.0,131665.29407502402,MORENA-PT-Partido Verde,1,140107.208624631
22.0,1.0,1.0,24.0,115179.22799194524,PAN-PRI-PRD,1,122564.11409597548
22.0,7.0,1.0,60.0,45516.18268630742,MORENA-PT-Partido Verde,1,48434.51988033793
24.0,98.0,2.0,35.0,153465.63151836646,NS,1,163305.3068609158
24.0,1.0,1.0,65.0,62920.83535472798,PAN-PRI-PRD,1,66955.09752826503
24.0,7.0,1.0,67.0,43553.603236286806,MORENA-PT-Partido Verde,1,46346.10675387067
24.0,1.0,1.0,56.0,65227.78699327618,PAN-PRI-PRD,1,69409.96277411208
24.0,7.0,1.0,59.0,65227.78699327618,MORENA-PT-Partido Verde,1,69409.96277411208
24.0,2.0,2.0,21.0,83103.28945785665,PAN-PRI-PRD,1,88431.57944743226
24.0,6.0,1.0,23.0,71483.48181259402,Movimiento Ciudadano,1,76066.75069457022
24.0,1.0,1.0,43.0,159146.85718791193,PAN-PRI-PRD,1,169350.7926946622
24.0,6.0,1.0,53.0,146012.77862919943,Movimiento Ciudadano,1,155374.60331502755
24.0,7.0,2.0,57.0,60946.98260965252,MORENA-PT-Partido Verde,1,64854.68830280122
24.0,7.0,1.0,51.0,47185.00401769407,MORENA-PT-Partido Verde,1,50210.34015307126
24.0,1.0,2.0,25.0,180675.61457006572,PAN-PRI-PRD,1,192259.89811352646
24.0,7.0,1.0,61.0,31172.704771325254,MORENA-PT-Partido Verde,1,33171.388720716684
24.0,6.0,2.0,74.0,68047.50222083829,Movimiento Ciudadano,1,72410.46820286223
24.0,7.0,1.0,41.0,61720.28320280442,MORENA-PT-Partido Verde,1,65677.57020418176
24.0,7.0,2.0,66.0,84341.77960895107,MORENA-PT-Partido Verde,1,89749.47722146573
24.0,96.0,2.0,45.0,78767.98197296921,Ninguno,1,83818.30732812236
24.0,7.0,1.0,61.0,36722.75539822576,MORENA-PT-Partido Verde,1,39077.289030462154
24.0,2.0,1.0,64.0,113161.70885671215,PAN-PRI-PRD,1,120417.23874533662
24.0,99.0,1.0,43.0,85321.12203291392,NR,1,90791.61162957277
24.0,4.0,2.0,32.0,69840.74266118516,MORENA-PT-Partido Verde,1,74318.68489925787
24.0,2.0,2.0,25.0,83103.28945785665,PAN-PRI-PRD,1,88431.57944743226
24.0,98.0,1.0,34.0,76440.1789872561,NS,1,81341.25382022902
24.0,98.0,1.0,66.0,62920.83535472798,NS,1,66955.09752826503
24.0,4.0,2.0,51.0,596275.4152986406,MORENA-PT-Partido Verde,1,634506.4931186946
24.0,6.0,2.0,24.0,185248.1177545347,Movimiento Ciudadano,1,197125.57408458486
24.0,7.0,2.0,18.0,96863.02595911513,MORENA-PT-Partido Verde,1,103073.54175150969
24.0,98.0,2.0,41.0,66863.47527165871,NS,1,71150.52561927325
24.0,5.0,1.0,28.0,83319.28133810611,MORENA-PT-Partido Verde,1,88661.41996569438
24.0,7.0,1.0,33.0,172217.88073211073,MORENA-PT-Partido Verde,1,183259.88419451495
28.0,7.0,2.0,78.0,58381.113102220996,MORENA-PT-Partido Verde,1,62124.30428697664
28.0,1.0,1.0,55.0,121667.37911976723,PAN-PRI-PRD,1,129468.26260405472
28.0,7.0,2.0,47.0,67578.71066999131,MORENA-PT-Partido Verde,1,71911.61939021645
28.0,7.0,2.0,49.0,97629.32597063895,MORENA-PT-Partido Verde,1,103888.9742186445
28.0,7.0,1.0,45.0,72709.08571433055,MORENA-PT-Partido Verde,1,77370.93599835965
28.0,6.0,2.0,40.0,78767.98197296921,Movimiento Ciudadano,1,83818.30732812236
28.0,7.0,2.0,63.0,49224.752420548604,MORENA-PT-Partido Verde,1,52380.8700336156
28.0,99.0,1.0,55.0,76027.8066729162,NR,1,80902.44164666321
28.0,7.0,2.0,75.0,84341.77960895107,MORENA-PT-Partido Verde,1,89749.47722146573
28.0,6.0,1.0,36.0,144106.69563366525,Movimiento Ciudadano,1,153346.30899656427
32.0,7.0,2.0,38.0,82275.32799580347,MORENA-PT-Partido Verde,1,87550.53201491036
32.0,7.0,2.0,36.0,73768.60083593677,MORENA-PT-Partido Verde,1,78498.38349488254
32.0,7.0,1.0,50.0,46685.610276538864,MORENA-PT-Partido Verde,1,49678.92704554424
32.0,96.0,2.0,31.0,82275.32799580347,Ninguno,1,87550.53201491036
32.0,7.0,1.0,56.0,68167.0320800448,MORENA-PT-Partido Verde,1,72537.66189531072
32.0,1.0,1.0,48.0,279276.337713519,PAN-PRI-PRD,1,297182.552067632
32.0,7.0,1.0,21.0,71483.48181259402,MORENA-PT-Partido Verde,1,76066.75069457022
32.0,98.0,2.0,18.0,83103.28945785665,NS,1,88431.57944743226
32.0,7.0,2.0,52.0,41740.80916863307,MORENA-PT-Partido Verde,1,44417.082720509745
32.0,7.0,1.0,77.0,62920.83535472798,MORENA-PT-Partido Verde,1,66955.09752826503
7.0,98.0,2.0,32.0,102849.66426420076,NS,1,109444.02220243933
7.0,7.0,2.0,25.0,82927.7615519703,MORENA-PT-Partido Verde,1,88244.79731093811
7.0,96.0,1.0,25.0,98608.89085467628,Ninguno,1,104931.34535018183
7.0,2.0,2.0,25.0,271050.0610966384,PAN-PRI-PRD,1,288428.83559084754
7.0,3.0,1.0,18.0,98608.89085467628,PAN-PRI-PRD,1,104931.34535018183
7.0,7.0,2.0,33.0,50954.539968562895,MORENA-PT-Partido Verde,1,54221.56546188717
7.0,2.0,2.0,43.0,57467.691962492565,PAN-PRI-PRD,1,61152.31780348345
7.0,7.0,2.0,46.0,67435.97324474869,MORENA-PT-Partido Verde,1,71759.73014440188
7.0,98.0,2.0,25.0,121085.26264419987,NS,1,128848.82287197409
7.0,7.0,2.0,69.0,61534.23369153943,MORENA-PT-Partido Verde,1,65479.59185405966
7.0,98.0,1.0,53.0,68750.69135798137,NS,1,73158.74334881025
7.0,2.0,1.0,88.0,63459.57568432282,PAN-PRI-PRD,1,67528.3799887898
7.0,7.0,2.0,27.0,60630.65372517571,MORENA-PT-Partido Verde,1,64518.07752527821
7.0,7.0,1.0,28.0,98608.89085467628,MORENA-PT-Partido Verde,1,104931.34535018183
7.0,7.0,2.0,39.0,50954.539968562895,MORENA-PT-Partido Verde,1,54221.56546188717
7.0,7.0,1.0,20.0,99663.70544579727,MORENA-PT-Partido Verde,1,106053.79093477364
7.0,7.0,2.0,59.0,42098.20202844315,MORENA-PT-Partido Verde,1,44797.390350718146
7.0,7.0,1.0,46.0,86972.14840896732,MORENA-PT-Partido Verde,1,92548.49599716226
7.0,7.0,2.0,30.0,184972.81064151565,MORENA-PT-Partido Verde,1,196832.61524990803
7.0,4.0,1.0,48.0,62248.744173290914,MORENA-PT-Partido Verde,1,66239.91422932582
20.0,2.0,1.0,63.0,97289.0673039532,PAN-PRI-PRD,1,103526.8993656273
20.0,1.0,2.0,46.0,562235.7403754821,PAN-PRI-PRD,1,598284.314225781
20.0,6.0,2.0,62.0,85063.93019530288,Movimiento Ciudadano,1,90517.92955790862
20.0,1.0,1.0,22.0,98608.89085467628,PAN-PRI-PRD,1,104931.34535018183
20.0,7.0,2.0,33.0,82979.78522482933,MORENA-PT-Partido Verde,1,88300.15655832282
20.0,3.0,2.0,72.0,85063.93019530288,PAN-PRI-PRD,1,90517.92955790862
20.0,1.0,1.0,70.0,37037.18271368232,PAN-PRI-PRD,1,39411.876317062175
20.0,5.0,2.0,29.0,70669.50807859469,MORENA-PT-Partido Verde,1,75200.58783391971
20.0,2.0,2.0,78.0,85063.93019530288,PAN-PRI-PRD,1,90517.92955790862
20.0,5.0,1.0,28.0,99663.70544579727,MORENA-PT-Partido Verde,1,106053.79093477364
27.0,7.0,2.0,29.0,82927.7615519703,MORENA-PT-Partido Verde,1,88244.79731093811
27.0,7.0,1.0,53.0,65090.01510805689,MORENA-PT-Partido Verde,1,69263.35744124412
27.0,7.0,1.0,36.0,473411.3240269244,MORENA-PT-Partido Verde,1,503764.7893977939
27.0,6.0,1.0,50.0,171645.8735285779,Movimiento Ciudadano,1,182651.20190535756
27.0,7.0,2.0,61.0,68630.13806106329,MORENA-PT-Partido Verde,1,73030.46059943164
27.0,7.0,1.0,37.0,56365.93137096321,MORENA-PT-Partido Verde,1,59979.91620641686
27.0,7.0,2.0,36.0,74400.22182609157,MORENA-PT-Partido Verde,1,79170.50179652768
27.0,7.0,1.0,41.0,86051.65793801265,MORENA-PT-Partido Verde,1,91568.98692184326
27.0,7.0,1.0,67.0,63459.57568432282,MORENA-PT-Partido Verde,1,67528.3799887898
27.0,2.0,2.0,35.0,51499.59824654219,PAN-PRI-PRD,1,54801.570955376694
30.0,2.0,1.0,40.0,86972.14840896732,PAN-PRI-PRD,1,92548.49599716226
30.0,7.0,1.0,75.0,63459.57568432282,MORENA-PT-Partido Verde,1,67528.3799887898
30.0,7.0,2.0,28.0,83814.83585263284,MORENA-PT-Partido Verde,1,89188.74768891437
30.0,7.0,2.0,53.0,61468.822431292494,MORENA-PT-Partido Verde,1,65409.986654373584
30.0,2.0,2.0,52.0,58195.8741315668,PAN-PRI-PRD,1,61927.188446472224
30.0,7.0,1.0,54.0,65090.01510805689,MORENA-PT-Partido Verde,1,69263.35744124412
30.0,6.0,2.0,26.0,60630.65372517571,Movimiento Ciudadano,1,64518.07752527821
30.0,7.0,2.0,48.0,49304.202427557604,MORENA-PT-Partido Verde,1,52465.414095021006
30.0,4.0,2.0,35.0,132792.63772083406,MORENA-PT-Partido Verde,1,141306.83357124112
30.0,1.0,2.0,54.0,84973.50672625433,PAN-PRI-PRD,1,90421.70845475802
30.0,1.0,1.0,56.0,121410.39747185778,PAN-PRI-PRD,1,129194.80419871493
30.0,4.0,1.0,61.0,97917.9615618463,MORENA-PT-Partido Verde,1,104196.11610654958
30.0,1.0,2.0,47.0,67435.97324474869,PAN-PRI-PRD,1,71759.73014440188
30.0,99.0,2.0,51.0,84973.50672625433,NR,1,90421.70845475802
30.0,1.0,2.0,72.0,85063.93019530288,PAN-PRI-PRD,1,90517.92955790862
30.0,1.0,2.0,71.0,190691.65225422528,PAN-PRI-PRD,1,202918.128828502
30.0,98.0,1.0,64.0,63459.57568432282,NS,1,67528.3799887898
30.0,2.0,2.0,54.0,190213.68651133793,PAN-PRI-PRD,1,202409.51760696032
30.0,7.0,2.0,43.0,48782.37964471461,MORENA-PT-Partido Verde,1,51910.13387471322
30.0,7.0,1.0,61.0,45905.90102243689,MORENA-PT-Partido Verde,1,48849.22558246337
30.0,7.0,1.0,74.0,45905.90102243689,MORENA-PT-Partido Verde,1,48849.22558246337
30.0,7.0,2.0,66.0,85063.93019530288,MORENA-PT-Partido Verde,1,90517.92955790862
30.0,7.0,1.0,68.0,45905.90102243689,MORENA-PT-Partido Verde,1,48849.22558246337
30.0,1.0,1.0,64.0,31439.611482722,PAN-PRI-PRD,1,33455.40854962976
30.0,7.0,1.0,57.0,68750.69135798137,MORENA-PT-Partido Verde,1,73158.74334881025
30.0,2.0,2.0,46.0,98465.2470920774,PAN-PRI-PRD,1,104778.49165585446
30.0,99.0,2.0,52.0,42548.524482885965,NR,1,45276.585893599964
30.0,99.0,1.0,65.0,389682.9699879163,NR,1,414668.0684315545
30.0,7.0,2.0,45.0,49304.202427557604,MORENA-PT-Partido Verde,1,52465.414095021006
30.0,7.0,1.0,50.0,65090.01510805689,MORENA-PT-Partido Verde,1,69263.35744124412
30.0,7.0,2.0,47.0,67435.97324474869,MORENA-PT-Partido Verde,1,71759.73014440188
30.0,98.0,1.0,58.0,47085.34147727602,NS,1,50104.28760186171
30.0,7.0,2.0,58.0,84973.50672625433,MORENA-PT-Partido Verde,1,90421.70845475802
30.0,7.0,2.0,42.0,79442.40862878841,MORENA-PT-Partido Verde,1,84535.97584382878
30.0,7.0,2.0,27.0,70669.50807859469,MORENA-PT-Partido Verde,1,75200.58783391971
30.0,7.0,1.0,85.0,63459.57568432282,MORENA-PT-Partido Verde,1,67528.3799887898
30.0,99.0,1.0,69.0,43461.61081553237,NR,1,46248.216103361185
30.0,7.0,2.0,68.0,61534.23369153943,MORENA-PT-Partido Verde,1,65479.59185405966
30.0,6.0,2.0,45.0,151931.622233043,Movimiento Ciudadano,1,161672.94230744077
30.0,96.0,1.0,31.0,65698.6589726277,Ninguno,1,69911.02540500481
31.0,7.0,2.0,42.0,57467.691962492565,MORENA-PT-Partido Verde,1,61152.31780348345
31.0,7.0,2.0,26.0,60630.65372517571,MORENA-PT-Partido Verde,1,64518.07752527821
31.0,7.0,1.0,33.0,90820.76440225511,MORENA-PT-Partido Verde,1,96643.8716819681
31.0,7.0,1.0,25.0,98608.89085467628,MORENA-PT-Partido Verde,1,104931.34535018183
31.0,7.0,2.0,25.0,82927.7615519703,MORENA-PT-Partido Verde,1,88244.79731093811
31.0,7.0,2.0,45.0,67435.97324474869,MORENA-PT-Partido Verde,1,71759.73014440188
31.0,7.0,2.0,33.0,50954.539968562895,MORENA-PT-Partido Verde,1,54221.56546188717
31.0,7.0,2.0,22.0,83814.83585263284,MORENA-PT-Partido Verde,1,89188.74768891437
31.0,7.0,2.0,23.0,156337.22803740864,MORENA-PT-Partido Verde,1,166361.02002667953
31.0,7.0,1.0,30.0,77919.35259270303,MORENA-PT-Partido Verde,1,82915.26682332391
7.0,7.0,2.0,44.0,77311.81090645025,MORENA-PT-Partido Verde,1,82268.77170566993
7.0,6.0,1.0,29.0,131768.04657237045,Movimiento Ciudadano,1,140216.5492499154
7.0,98.0,2.0,73.0,66082.63614685941,NS,1,70319.62184216862
7.0,7.0,1.0,65.0,36043.86770103821,MORENA-PT-Partido Verde,1,38354.87344713955
7.0,7.0,1.0,20.0,113049.92805223854,MORENA-PT-Partido Verde,1,120298.29094969587
7.0,97.0,2.0,50.0,96386.6312092307,Ninguno,1,102566.60224950468
7.0,7.0,2.0,74.0,96489.19980854624,MORENA-PT-Partido Verde,1,102675.74718586467
7.0,98.0,2.0,52.0,66718.52128634669,NS,1,70996.27769537077
7.0,7.0,2.0,50.0,47752.57641842785,MORENA-PT-Partido Verde,1,50814.303295506346
7.0,7.0,2.0,72.0,69799.13761445956,MORENA-PT-Partido Verde,1,74274.4122835897
7.0,1.0,1.0,60.0,130004.40670590762,PAN-PRI-PRD,1,138339.8310118623
7.0,7.0,1.0,30.0,127687.67673725304,MORENA-PT-Partido Verde,1,135874.56048385004
7.0,6.0,1.0,47.0,257401.75125522367,Movimiento Ciudadano,1,273905.4442312756
7.0,7.0,1.0,28.0,131768.04657237045,MORENA-PT-Partido Verde,1,140216.5492499154
7.0,1.0,2.0,69.0,149508.72464334,PAN-PRI-PRD,1,159094.69706474832
7.0,7.0,2.0,53.0,56254.540512701824,MORENA-PT-Partido Verde,1,59861.38335896496
7.0,7.0,2.0,70.0,96489.19980854624,MORENA-PT-Partido Verde,1,102675.74718586467
7.0,7.0,1.0,29.0,95319.43506778649,MORENA-PT-Partido Verde,1,101430.98125322661
7.0,6.0,2.0,24.0,95072.33471269545,Movimiento Ciudadano,1,101168.0376943702
7.0,6.0,2.0,24.0,95072.33471269545,Movimiento Ciudadano,1,101168.0376943702
20.0,6.0,2.0,43.0,77311.81090645025,Movimiento Ciudadano,1,82268.77170566993
20.0,7.0,1.0,62.0,42011.79177826745,MORENA-PT-Partido Verde,1,44705.43977988834
20.0,7.0,1.0,60.0,42011.79177826745,MORENA-PT-Partido Verde,1,44705.43977988834
20.0,7.0,1.0,40.0,71364.92449249589,MORENA-PT-Partido Verde,1,75940.59189700964
20.0,99.0,1.0,84.0,36043.86770103821,NR,1,38354.87344713955
20.0,7.0,2.0,21.0,68046.30619976582,MORENA-PT-Partido Verde,1,72409.19549713444
20.0,6.0,1.0,42.0,71364.92449249589,Movimiento Ciudadano,1,75940.59189700964
20.0,6.0,1.0,37.0,103019.25696419354,Movimiento Ciudadano,1,109624.48858855898
20.0,7.0,2.0,73.0,47803.391711124554,MORENA-PT-Partido Verde,1,50868.37668565214
20.0,2.0,1.0,29.0,111853.43718225446,PAN-PRI-PRD,1,119025.08530263444
20.0,2.0,2.0,60.0,147926.36340613468,PAN-PRI-PRD,1,157410.88040267234
20.0,7.0,2.0,69.0,69799.13761445956,MORENA-PT-Partido Verde,1,74274.4122835897
20.0,4.0,1.0,40.0,97609.59313276666,MORENA-PT-Partido Verde,1,103867.97618076403
20.0,7.0,1.0,22.0,95319.43506778649,MORENA-PT-Partido Verde,1,101430.98125322661
20.0,7.0,1.0,19.0,113049.92805223854,MORENA-PT-Partido Verde,1,120298.29094969587
20.0,99.0,2.0,42.0,201717.642945389,NR,1,214651.0671773114
20.0,99.0,1.0,65.0,302728.5226442661,NR,1,322138.40842962306
20.0,7.0,2.0,27.0,94066.11398852826,MORENA-PT-Partido Verde,1,100097.30164419294
20.0,4.0,2.0,62.0,96489.19980854624,MORENA-PT-Partido Verde,1,102675.74718586467
20.0,7.0,2.0,27.0,94066.11398852826,MORENA-PT-Partido Verde,1,100097.30164419294
23.0,4.0,2.0,51.0,66012.38990746568,MORENA-PT-Partido Verde,1,70244.87166151564
23.0,7.0,1.0,23.0,113049.92805223854,MORENA-PT-Partido Verde,1,120298.29094969587
23.0,7.0,1.0,39.0,87449.56222052049,MORENA-PT-Partido Verde,1,93056.51989947812
23.0,7.0,2.0,32.0,57798.44379269847,MORENA-PT-Partido Verde,1,61504.276275176315
23.0,7.0,2.0,30.0,57798.44379269847,MORENA-PT-Partido Verde,1,61504.276275176315
23.0,1.0,1.0,36.0,88385.00600675329,PAN-PRI-PRD,1,94051.94104394202
23.0,7.0,2.0,29.0,110813.83282595046,MORENA-PT-Partido Verde,1,117918.82517950158
23.0,7.0,1.0,38.0,87449.56222052049,MORENA-PT-Partido Verde,1,93056.51989947812
23.0,7.0,1.0,26.0,111853.43718225446,MORENA-PT-Partido Verde,1,119025.08530263444
23.0,7.0,1.0,30.0,87449.56222052049,MORENA-PT-Partido Verde,1,93056.51989947812
27.0,7.0,1.0,26.0,113049.92805223854,MORENA-PT-Partido Verde,1,120298.29094969587
27.0,7.0,2.0,62.0,47803.391711124554,MORENA-PT-Partido Verde,1,50868.37668565214
27.0,7.0,1.0,63.0,42011.79177826745,MORENA-PT-Partido Verde,1,44705.43977988834
27.0,2.0,2.0,35.0,94125.12516463715,PAN-PRI-PRD,1,100160.09640890567
27.0,7.0,2.0,71.0,66082.63614685941,MORENA-PT-Partido Verde,1,70319.62184216862
27.0,7.0,1.0,51.0,53409.55809852044,MORENA-PT-Partido Verde,1,56833.990700653725
27.0,7.0,2.0,74.0,96489.19980854624,MORENA-PT-Partido Verde,1,102675.74718586467
27.0,7.0,1.0,65.0,42011.79177826745,MORENA-PT-Partido Verde,1,44705.43977988834
27.0,2.0,2.0,28.0,95072.33471269545,PAN-PRI-PRD,1,101168.0376943702
27.0,7.0,2.0,44.0,90112.62966401993,MORENA-PT-Partido Verde,1,95890.33384041867
30.0,7.0,1.0,67.0,36043.86770103821,MORENA-PT-Partido Verde,1,38354.87344713955
30.0,6.0,2.0,23.0,68046.30619976582,Movimiento Ciudadano,1,72409.19549713444
30.0,7.0,1.0,61.0,134267.818481798,MORENA-PT-Partido Verde,1,142876.59772273916
30.0,7.0,2.0,23.0,68046.30619976582,MORENA-PT-Partido Verde,1,72409.19549713444
30.0,4.0,2.0,59.0,159335.3518326303,MORENA-PT-Partido Verde,1,169551.37295157588
30.0,99.0,2.0,47.0,111690.50006332718,NR,1,118851.70122997797
30.0,7.0,2.0,42.0,80795.57711761104,MORENA-PT-Partido Verde,1,85975.90472637636
30.0,99.0,1.0,69.0,52071.70237697134,NR,1,55410.35638604133
30.0,7.0,2.0,44.0,80795.57711761104,MORENA-PT-Partido Verde,1,85975.90472637636
30.0,7.0,1.0,55.0,107805.01840113227,MORENA-PT-Partido Verde,1,114717.09617952233
30.0,7.0,2.0,62.0,48314.74230684581,MORENA-PT-Partido Verde,1,51412.5132791133
30.0,1.0,2.0,27.0,248057.40601220322,PAN-PRI-PRD,1,263961.97250911896
30.0,1.0,1.0,65.0,71983.07983080146,PAN-PRI-PRD,1,76598.38117667401
30.0,6.0,2.0,48.0,90112.62966401993,Movimiento Ciudadano,1,95890.33384041867
30.0,1.0,2.0,69.0,145207.69828973233,PAN-PRI-PRD,1,154517.9040620184
30.0,1.0,2.0,43.0,173062.93608381486,PAN-PRI-PRD,1,184159.121516638
30.0,1.0,2.0,65.0,69799.13761445956,PAN-PRI-PRD,1,74274.4122835897
30.0,7.0,1.0,47.0,83181.09401905716,MORENA-PT-Partido Verde,1,88514.37256284394
30.0,98.0,1.0,42.0,83181.09401905716,NS,1,88514.37256284394
30.0,2.0,2.0,42.0,90112.62966401993,PAN-PRI-PRD,1,95890.33384041867
31.0,7.0,1.0,25.0,113049.92805223854,MORENA-PT-Partido Verde,1,120298.29094969587
31.0,7.0,2.0,31.0,80754.31718512965,MORENA-PT-Partido Verde,1,85931.99935246125
31.0,4.0,2.0,44.0,77311.81090645025,MORENA-PT-Partido Verde,1,82268.77170566993
31.0,7.0,1.0,30.0,87449.56222052049,MORENA-PT-Partido Verde,1,93056.51989947812
31.0,7.0,1.0,28.0,111853.43718225446,MORENA-PT-Partido Verde,1,119025.08530263444
31.0,7.0,2.0,30.0,57798.44379269847,MORENA-PT-Partido Verde,1,61504.276275176315
31.0,7.0,2.0,40.0,55926.44295309449,MORENA-PT-Partido Verde,1,59512.24934034542
31.0,7.0,2.0,27.0,68046.30619976582,MORENA-PT-Partido Verde,1,72409.19549713444
31.0,7.0,1.0,27.0,113049.92805223854,MORENA-PT-Partido Verde,1,120298.29094969587
31.0,7.0,1.0,32.0,63936.660367804085,MORENA-PT-Partido Verde,1,68036.05366050194
31.0,7.0,1.0,26.0,111853.43718225446,MORENA-PT-Partido Verde,1,119025.08530263444
31.0,7.0,1.0,38.0,88385.00600675329,MORENA-PT-Partido Verde,1,94051.94104394202
31.0,7.0,1.0,38.0,88385.00600675329,MORENA-PT-Partido Verde,1,94051.94104394202
31.0,7.0,1.0,28.0,113049.92805223854,MORENA-PT-Partido Verde,1,120298.29094969587
31.0,7.0,2.0,43.0,55926.44295309449,MORENA-PT-Partido Verde,1,59512.24934034542
31.0,4.0,2.0,29.0,68774.19428398689,MORENA-PT-Partido Verde,1,73183.75319958589
31.0,7.0,2.0,43.0,77311.81090645025,MORENA-PT-Partido Verde,1,82268.77170566993
31.0,7.0,2.0,30.0,149034.32393100523,MORENA-PT-Partido Verde,1,158589.87945095185
31.0,7.0,2.0,22.0,110813.83282595046,MORENA-PT-Partido Verde,1,117918.82517950158
31.0,7.0,2.0,39.0,58416.710982686986,MORENA-PT-Partido Verde,1,62162.18457805928
21.0,5.0,1.0,20.0,97454.71604131238,MORENA-PT-Partido Verde,1,103703.16891613136
21.0,7.0,2.0,50.0,60106.40090733326,MORENA-PT-Partido Verde,1,63960.21146469243
21.0,7.0,1.0,68.0,62053.03024561231,MORENA-PT-Partido Verde,1,66031.65181447574
21.0,7.0,1.0,43.0,122861.67108201682,MORENA-PT-Partido Verde,1,130739.12835716867
21.0,7.0,1.0,29.0,101846.14657284929,MORENA-PT-Partido Verde,1,108376.16249401399
21.0,7.0,2.0,25.0,81089.71483489758,MORENA-PT-Partido Verde,1,86288.90151729042
21.0,7.0,2.0,23.0,81089.71483489758,MORENA-PT-Partido Verde,1,86288.90151729042
21.0,98.0,1.0,52.0,92933.3404905491,NS,1,98891.89870243226
21.0,99.0,1.0,51.0,67226.87134665955,NR,1,71537.22136966973
21.0,1.0,2.0,37.0,68877.49808625033,PAN-PRI-PRD,1,73293.68047751529
21.0,2.0,2.0,41.0,122998.2602640045,PAN-PRI-PRD,1,130884.47515604271
21.0,6.0,1.0,29.0,140790.4670782404,Movimiento Ciudadano,1,149817.45555552677
21.0,1.0,1.0,43.0,122861.67108201682,PAN-PRI-PRD,1,130739.12835716867
21.0,2.0,2.0,39.0,72751.18318188279,PAN-PRI-PRD,1,77415.73260714216
21.0,2.0,2.0,18.0,81957.127637702,PAN-PRI-PRD,1,87211.92977147065
21.0,2.0,2.0,29.0,118401.47659566916,PAN-PRI-PRD,1,125992.96192207858
21.0,98.0,2.0,55.0,154985.4327441599,NS,1,164922.55238416564
21.0,7.0,2.0,18.0,81089.71483489758,MORENA-PT-Partido Verde,1,86288.90151729042
21.0,5.0,2.0,27.0,81089.71483489758,MORENA-PT-Partido Verde,1,86288.90151729042
21.0,7.0,2.0,27.0,164893.575163072,MORENA-PT-Partido Verde,1,175465.9699698057
21.0,98.0,2.0,50.0,185997.70822503918,NS,1,197923.22565382955
21.0,98.0,2.0,57.0,56905.99564705389,NS,1,60554.60750022001
21.0,2.0,2.0,50.0,185997.70822503918,PAN-PRI-PRD,1,197923.22565382955
21.0,99.0,2.0,48.0,48211.40279431214,NR,1,51302.54800129702
21.0,96.0,1.0,38.0,55116.61252800592,Ninguno,1,58650.495442968284
21.0,7.0,1.0,25.0,69751.45260078296,MORENA-PT-Partido Verde,1,74223.66987492086
21.0,7.0,2.0,38.0,100570.05989269758,MORENA-PT-Partido Verde,1,107018.25763400394
21.0,7.0,2.0,32.0,58696.13283109303,MORENA-PT-Partido Verde,1,62459.52197045213
21.0,7.0,1.0,52.0,63647.331905899046,MORENA-PT-Partido Verde,1,67728.17447747232
21.0,7.0,2.0,49.0,65941.29321341282,MORENA-PT-Partido Verde,1,70169.21649804858
21.0,7.0,2.0,33.0,156057.46813684778,MORENA-PT-Partido Verde,1,166063.3229074193
21.0,96.0,1.0,72.0,139107.0790845099,Ninguno,1,148026.13465740604
21.0,98.0,2.0,69.0,83178.53651397463,NS,1,88511.65107955047
21.0,7.0,1.0,55.0,92933.3404905491,MORENA-PT-Partido Verde,1,98891.89870243226
21.0,4.0,2.0,40.0,96282.8208360651,MORENA-PT-Partido Verde,1,102456.13592113249
21.0,7.0,2.0,35.0,50358.138912344424,MORENA-PT-Partido Verde,1,53586.92527219573
21.0,98.0,2.0,31.0,49825.16154140647,NS,1,53019.775270923106
21.0,7.0,2.0,31.0,72751.18318188279,MORENA-PT-Partido Verde,1,77415.73260714216
21.0,7.0,2.0,22.0,69103.15858488984,MORENA-PT-Partido Verde,1,73533.80953189774
21.0,7.0,1.0,23.0,97454.71604131238,MORENA-PT-Partido Verde,1,103703.16891613136
9.0,7.0,2.0,64.0,65793.24101643435,MORENA-PT-Partido Verde,1,70011.67171606846
9.0,1.0,2.0,70.0,122722.10306766805,PAN-PRI-PRD,1,130590.6117337026
9.0,7.0,1.0,63.0,35506.21283440943,MORENA-PT-Partido Verde,1,37782.74604564009
9.0,7.0,2.0,35.0,68249.40931835843,MORENA-PT-Partido Verde,1,72625.32087177382
9.0,3.0,1.0,60.0,81138.75546498818,PAN-PRI-PRD,1,86341.0864597193
9.0,7.0,2.0,48.0,55092.20605941911,MORENA-PT-Partido Verde,1,58624.52411764596
9.0,1.0,1.0,62.0,78547.92036283009,PAN-PRI-PRD,1,83584.13614323543
9.0,1.0,1.0,39.0,162402.63424417283,PAN-PRI-PRD,1,172815.31869949467
9.0,1.0,1.0,28.0,207723.0850150639,PAN-PRI-PRD,1,221041.55702393444
9.0,98.0,2.0,45.0,76158.57530680539,NS,1,81041.59470441152
9.0,99.0,1.0,63.0,42110.769996516574,NR,1,44810.764132603654
9.0,7.0,2.0,65.0,58990.65312132819,MORENA-PT-Partido Verde,1,62772.92586354374
9.0,7.0,2.0,29.0,58124.42355827954,MORENA-PT-Partido Verde,1,61851.15671428163
9.0,7.0,2.0,65.0,40400.976213060465,MORENA-PT-Partido Verde,1,42991.34439859781
9.0,1.0,1.0,37.0,87066.59509117987,PAN-PRI-PRD,1,92648.99826772354
9.0,1.0,2.0,62.0,56447.07769987594,PAN-PRI-PRD,1,60066.26535190709
9.0,1.0,2.0,64.0,105288.99291680258,PAN-PRI-PRD,1,112039.75200986587
9.0,7.0,2.0,23.0,58124.42355827954,MORENA-PT-Partido Verde,1,61851.15671428163
9.0,3.0,2.0,62.0,125019.77946190364,PAN-PRI-PRD,1,133035.60703926597
9.0,7.0,1.0,49.0,83377.06558155261,MORENA-PT-Partido Verde,1,88722.90913114721
9.0,7.0,2.0,24.0,58124.42355827954,MORENA-PT-Partido Verde,1,61851.15671428163
9.0,7.0,2.0,68.0,93311.85116024937,MORENA-PT-Partido Verde,1,99294.67814206291
9.0,98.0,2.0,68.0,81547.72552206051,NS,1,86776.27823527415
9.0,96.0,2.0,59.0,81461.03979971273,Ninguno,1,86684.03452996758
9.0,7.0,2.0,59.0,58927.94570251481,MORENA-PT-Partido Verde,1,62706.197866073184
9.0,3.0,1.0,61.0,100567.79173118525,PAN-PRI-PRD,1,107015.84404597049
9.0,3.0,1.0,19.0,138030.10784507045,PAN-PRI-PRD,1,146880.11181830545
9.0,7.0,2.0,26.0,79499.85759736717,MORENA-PT-Partido Verde,1,84597.10823777117
9.0,5.0,2.0,57.0,58927.94570251481,MORENA-PT-Partido Verde,1,62706.197866073184
9.0,98.0,1.0,33.0,167212.9715610401,NS,1,177934.07788918016
9.0,99.0,1.0,88.0,60836.40913099193,NR,1,64737.02524244894
9.0,96.0,1.0,23.0,111363.5983693795,Ninguno,1,118503.83975170887
9.0,1.0,2.0,68.0,122722.10306766805,PAN-PRI-PRD,1,130590.6117337026
9.0,3.0,1.0,71.0,60836.40913099193,PAN-PRI-PRD,1,64737.02524244894
9.0,1.0,1.0,43.0,181270.83372114884,PAN-PRI-PRD,1,192893.28061849135
9.0,2.0,2.0,49.0,76158.57530680539,PAN-PRI-PRD,1,81041.59470441152
9.0,98.0,1.0,66.0,44008.33358893255,NS,1,46829.99281385081
9.0,1.0,1.0,42.0,120452.82654010996,PAN-PRI-PRD,1,128175.8371941615
9.0,7.0,1.0,31.0,87066.59509117987,MORENA-PT-Partido Verde,1,92648.99826772354
9.0,96.0,1.0,58.0,53175.66207177119,Ninguno,1,56585.09808512851
9.0,7.0,1.0,74.0,44008.33358893255,MORENA-PT-Partido Verde,1,46829.99281385081
9.0,7.0,2.0,59.0,40789.737647116606,MORENA-PT-Partido Verde,1,43405.03184546196
9.0,2.0,2.0,65.0,40833.14352409793,PAN-PRI-PRD,1,43451.22075427412
9.0,3.0,1.0,54.0,65908.81111935909,PAN-PRI-PRD,1,70134.65176662014
9.0,7.0,1.0,63.0,30140.022943059455,MORENA-PT-Partido Verde,1,32072.49497371865
9.0,7.0,1.0,30.0,528661.6289899935,MORENA-PT-Partido Verde,1,562557.5491635097
9.0,3.0,1.0,19.0,138030.10784507045,PAN-PRI-PRD,1,146880.11181830545
9.0,96.0,2.0,49.0,170728.1161972986,Ninguno,1,181674.60120899588
9.0,7.0,2.0,58.0,81461.03979971273,MORENA-PT-Partido Verde,1,86684.03452996758
9.0,1.0,1.0,34.0,167212.9715610401,PAN-PRI-PRD,1,177934.07788918016
9.0,2.0,1.0,33.0,54035.98787031384,PAN-PRI-PRD,1,57500.58494131464
9.0,1.0,1.0,36.0,87066.59509117987,PAN-PRI-PRD,1,92648.99826772354
9.0,7.0,1.0,50.0,91111.27533361022,MORENA-PT-Partido Verde,1,96953.00915022084
9.0,1.0,1.0,64.0,91553.4065952667,PAN-PRI-PRD,1,97423.48830990797
9.0,7.0,1.0,42.0,60313.975926465835,MORENA-PT-Partido Verde,1,64181.095462371406
9.0,96.0,2.0,32.0,67527.07542095461,Ninguno,1,71856.67347102042
9.0,98.0,2.0,78.0,81547.72552206051,NS,1,86776.27823527415
9.0,7.0,2.0,33.0,48848.281873633394,MORENA-PT-Partido Verde,1,51980.26152225176
9.0,7.0,2.0,62.0,81547.72552206051,MORENA-PT-Partido Verde,1,86776.27823527415
9.0,7.0,2.0,58.0,47543.4539637783,MORENA-PT-Partido Verde,1,50591.7726461996
9.0,7.0,1.0,41.0,83377.06558155261,MORENA-PT-Partido Verde,1,88722.90913114721
9.0,5.0,2.0,28.0,80350.26377331025,MORENA-PT-Partido Verde,1,85502.03946012228
9.0,6.0,1.0,77.0,60836.40913099193,Movimiento Ciudadano,1,64737.02524244894
9.0,7.0,1.0,59.0,65908.81111935909,MORENA-PT-Partido Verde,1,70134.65176662014
9.0,7.0,1.0,67.0,30140.022943059455,MORENA-PT-Partido Verde,1,32072.49497371865
9.0,4.0,2.0,36.0,68249.40931835843,MORENA-PT-Partido Verde,1,72625.32087177382
9.0,96.0,1.0,55.0,91111.27533361022,Ninguno,1,96953.00915022084
9.0,5.0,1.0,25.0,95544.00411014771,MORENA-PT-Partido Verde,1,101669.94887100148
9.0,7.0,1.0,46.0,59675.62858054705,MORENA-PT-Partido Verde,1,63501.81953474038
9.0,7.0,1.0,57.0,73509.17587170811,MORENA-PT-Partido Verde,1,78222.32511639358
12.0,3.0,1.0,33.0,73907.88721570162,PAN-PRI-PRD,1,78646.60042634788
12.0,96.0,2.0,45.0,76158.57530680539,Ninguno,1,81041.59470441152
12.0,7.0,1.0,57.0,91111.27533361022,MORENA-PT-Partido Verde,1,96953.00915022084
12.0,7.0,1.0,29.0,111363.5983693795,MORENA-PT-Partido Verde,1,118503.83975170887
12.0,99.0,2.0,75.0,56447.07769987594,NR,1,60066.26535190709
12.0,98.0,2.0,43.0,76158.57530680539,NS,1,81041.59470441152
12.0,96.0,2.0,28.0,93654.17104990526,Ninguno,1,99658.94637640151
12.0,96.0,1.0,63.0,109873.06036061331,Ninguno,1,116917.73369981223
12.0,7.0,1.0,19.0,95544.00411014771,MORENA-PT-Partido Verde,1,101669.94887100148
12.0,1.0,2.0,18.0,80350.26377331025,PAN-PRI-PRD,1,85502.03946012228
12.0,7.0,2.0,36.0,49370.80960946827,MORENA-PT-Partido Verde,1,52536.291894652386
12.0,7.0,2.0,66.0,81547.72552206051,MORENA-PT-Partido Verde,1,86776.27823527415
12.0,4.0,1.0,36.0,616194.2015353569,MORENA-PT-Partido Verde,1,655702.401717257
12.0,2.0,2.0,25.0,80350.26377331025,PAN-PRI-PRD,1,85502.03946012228
12.0,7.0,2.0,68.0,81547.72552206051,MORENA-PT-Partido Verde,1,86776.27823527415
12.0,7.0,1.0,42.0,83377.06558155261,MORENA-PT-Partido Verde,1,88722.90913114721
12.0,7.0,1.0,22.0,94532.7913604443,MORENA-PT-Partido Verde,1,100593.900724207
12.0,5.0,1.0,29.0,80559.10032676265,MORENA-PT-Partido Verde,1,85724.2658772549
12.0,98.0,2.0,26.0,79499.85759736717,NS,1,84597.10823777117
12.0,2.0,1.0,87.0,60836.40913099193,PAN-PRI-PRD,1,64737.02524244894
21.0,98.0,2.0,64.0,81547.72552206051,NS,1,86776.27823527415
21.0,2.0,1.0,38.0,74698.4763518165,PAN-PRI-PRD,1,79487.87935112588
21.0,96.0,2.0,40.0,64648.438225811566,Ninguno,1,68793.46820582186
21.0,1.0,1.0,70.0,30140.022943059455,PAN-PRI-PRD,1,32072.49497371865
21.0,5.0,2.0,40.0,46765.910021399475,MORENA-PT-Partido Verde,1,49764.375326997055
21.0,7.0,1.0,74.0,35506.21283440943,MORENA-PT-Partido Verde,1,37782.74604564009
21.0,98.0,2.0,20.0,209645.40383104843,NS,1,223087.12814642573
21.0,7.0,2.0,42.0,65339.97947876253,MORENA-PT-Partido Verde,1,69529.34864630096
21.0,96.0,2.0,51.0,81461.03979971273,Ninguno,1,86684.03452996758
21.0,1.0,2.0,54.0,81461.03979971273,PAN-PRI-PRD,1,86684.03452996758
21.0,7.0,2.0,39.0,79549.73081842827,MORENA-PT-Partido Verde,1,84650.17915396878
21.0,98.0,2.0,64.0,81547.72552206051,NS,1,86776.27823527415
21.0,7.0,2.0,70.0,40833.14352409793,MORENA-PT-Partido Verde,1,43451.22075427412
21.0,7.0,2.0,48.0,64648.438225811566,MORENA-PT-Partido Verde,1,68793.46820582186
21.0,96.0,2.0,42.0,55092.20605941911,Ninguno,1,58624.52411764596
21.0,7.0,1.0,80.0,49083.21480342157,MORENA-PT-Partido Verde,1,52230.25752338379
21.0,7.0,1.0,49.0,120452.82654010996,MORENA-PT-Partido Verde,1,128175.8371941615
21.0,7.0,1.0,76.0,41665.080621061614,MORENA-PT-Partido Verde,1,44336.49872540327
21.0,1.0,1.0,52.0,117636.81159502408,PAN-PRI-PRD,1,125179.26929695686
21.0,1.0,2.0,51.0,104063.90348410333,PAN-PRI-PRD,1,110736.11416105492
21.0,7.0,1.0,42.0,97182.1322658512,MORENA-PT-Partido Verde,1,103413.10802981713
21.0,97.0,1.0,26.0,111363.5983693795,Ninguno,1,118503.83975170887
21.0,7.0,1.0,29.0,111363.5983693795,MORENA-PT-Partido Verde,1,118503.83975170887
21.0,5.0,1.0,24.0,69115.394306856,MORENA-PT-Partido Verde,1,73546.82976522674
21.0,7.0,1.0,29.0,207723.0850150639,MORENA-PT-Partido Verde,1,221041.55702393444
21.0,1.0,1.0,70.0,60836.40913099193,PAN-PRI-PRD,1,64737.02524244894
21.0,1.0,1.0,25.0,138030.10784507045,PAN-PRI-PRD,1,146880.11181830545
21.0,7.0,2.0,59.0,65723.30240580358,MORENA-PT-Partido Verde,1,69937.2488882504
21.0,2.0,1.0,53.0,91111.27533361022,PAN-PRI-PRD,1,96953.00915022084
21.0,7.0,1.0,80.0,44008.33358893255,MORENA-PT-Partido Verde,1,46829.99281385081
21.0,7.0,2.0,39.0,67527.07542095461,MORENA-PT-Partido Verde,1,71856.67347102042
21.0,7.0,2.0,25.0,80350.26377331025,MORENA-PT-Partido Verde,1,85502.03946012228
21.0,1.0,1.0,31.0,201290.6681112625,PAN-PRI-PRD,1,214196.71622186262
21.0,1.0,2.0,61.0,125019.77946190364,PAN-PRI-PRD,1,133035.60703926597
21.0,7.0,1.0,36.0,62982.93761840717,MORENA-PT-Partido Verde,1,67021.18157018731
21.0,7.0,1.0,64.0,35506.21283440943,MORENA-PT-Partido Verde,1,37782.74604564009
21.0,5.0,2.0,42.0,55092.20605941911,MORENA-PT-Partido Verde,1,58624.52411764596
21.0,98.0,1.0,54.0,91111.27533361022,NS,1,96953.00915022084
21.0,97.0,1.0,48.0,97182.1322658512,Ninguno,1,103413.10802981713
21.0,7.0,1.0,75.0,60836.40913099193,MORENA-PT-Partido Verde,1,64737.02524244894
21.0,1.0,1.0,49.0,82494.62452693915,PAN-PRI-PRD,1,87783.88906662498
21.0,7.0,2.0,52.0,40358.02973252817,MORENA-PT-Partido Verde,1,42945.644341115665
21.0,99.0,2.0,40.0,64648.438225811566,NR,1,68793.46820582186
21.0,1.0,2.0,48.0,65339.97947876253,PAN-PRI-PRD,1,69529.34864630096
21.0,96.0,1.0,30.0,195181.1165551284,Ninguno,1,207695.44175548374
21.0,7.0,1.0,84.0,60836.40913099193,MORENA-PT-Partido Verde,1,64737.02524244894
21.0,98.0,1.0,46.0,120452.82654010996,NS,1,128175.8371941615
21.0,7.0,1.0,58.0,91111.27533361022,MORENA-PT-Partido Verde,1,96953.00915022084
21.0,7.0,1.0,43.0,224676.9419636114,MORENA-PT-Partido Verde,1,239082.4355194383
21.0,1.0,2.0,23.0,79499.85759736717,PAN-PRI-PRD,1,84597.10823777117
29.0,7.0,1.0,68.0,35506.21283440943,MORENA-PT-Partido Verde,1,37782.74604564009
29.0,98.0,1.0,42.0,136370.6756673303,NS,1,145114.28269865466
29.0,1.0,2.0,60.0,55849.65659338966,PAN-PRI-PRD,1,59430.53970992026
29.0,96.0,2.0,64.0,56447.07769987594,Ninguno,1,60066.26535190709
29.0,6.0,1.0,26.0,80559.10032676265,Movimiento Ciudadano,1,85724.2658772549
29.0,7.0,2.0,70.0,81547.72552206051,MORENA-PT-Partido Verde,1,86776.27823527415
29.0,98.0,2.0,38.0,79549.73081842827,NS,1,84650.17915396878
29.0,7.0,1.0,22.0,95544.00411014771,MORENA-PT-Partido Verde,1,101669.94887100148
29.0,2.0,1.0,48.0,120452.82654010996,PAN-PRI-PRD,1,128175.8371941615
29.0,7.0,2.0,38.0,112822.11557434787,MORENA-PT-Partido Verde,1,120055.87193873819
13.0,5.0,1.0,35.0,75396.63900782923,MORENA-PT-Partido Verde,1,80230.80573569132
13.0,96.0,1.0,22.0,114375.36989621227,Ninguno,1,121708.7154526604
13.0,7.0,2.0,29.0,138959.0286851449,MORENA-PT-Partido Verde,1,147868.59178829603
13.0,6.0,2.0,43.0,91169.14559538767,Movimiento Ciudadano,1,97014.5898491968
13.0,5.0,2.0,53.0,48312.44641598568,MORENA-PT-Partido Verde,1,51410.070183824006
13.0,7.0,2.0,40.0,77390.40355442111,MORENA-PT-Partido Verde,1,82352.40343719776
13.0,99.0,2.0,39.0,81701.1125783053,NR,1,86939.49992889192
13.0,7.0,2.0,60.0,70617.49017125851,MORENA-PT-Partido Verde,1,75145.23472172285
13.0,7.0,2.0,30.0,81701.1125783053,MORENA-PT-Partido Verde,1,86939.49992889192
13.0,7.0,2.0,32.0,81701.1125783053,MORENA-PT-Partido Verde,1,86939.49992889192
13.0,98.0,1.0,77.0,36466.460189973885,NS,1,38804.561076871156
13.0,7.0,2.0,60.0,70617.49017125851,MORENA-PT-Partido Verde,1,75145.23472172285
13.0,7.0,2.0,69.0,67572.58554959222,MORENA-PT-Partido Verde,1,71905.10154868777
13.0,2.0,1.0,50.0,74698.15136045589,PAN-PRI-PRD,1,79487.53352246479
13.0,7.0,2.0,45.0,56582.14657849077,MORENA-PT-Partido Verde,1,60209.994370914945
13.0,2.0,2.0,49.0,77390.40355442111,PAN-PRI-PRD,1,82352.40343719776
13.0,7.0,1.0,27.0,82737.77996844098,MORENA-PT-Partido Verde,1,88042.63477793825
13.0,7.0,1.0,67.0,36080.50871322655,MORENA-PT-Partido Verde,1,38393.86375187364
13.0,6.0,2.0,24.0,96187.00017780089,Movimiento Ciudadano,1,102354.17158001824
13.0,7.0,1.0,75.0,163023.7455013016,MORENA-PT-Partido Verde,1,173476.25342107788
15.0,98.0,2.0,50.0,97516.70600366443,NS,1,103769.13345636125
15.0,1.0,2.0,50.0,124574.50956437217,PAN-PRI-PRD,1,132561.7880054349
15.0,7.0,1.0,72.0,36080.50871322655,MORENA-PT-Partido Verde,1,38393.86375187364
15.0,7.0,2.0,71.0,182088.46492693017,MORENA-PT-Partido Verde,1,193763.33545512235
15.0,6.0,1.0,29.0,248664.52799267627,Movimiento Ciudadano,1,264608.02101093804
15.0,7.0,2.0,24.0,95168.9821258945,MORENA-PT-Partido Verde,1,101270.88179903149
15.0,7.0,1.0,56.0,54613.770639501156,MORENA-PT-Partido Verde,1,58115.41310503802
15.0,7.0,1.0,24.0,114375.36989621227,MORENA-PT-Partido Verde,1,121708.7154526604
15.0,4.0,2.0,20.0,112113.05780954102,MORENA-PT-Partido Verde,1,119301.35188940687
15.0,96.0,1.0,48.0,144193.62804479842,Ninguno,1,153438.81520747158
15.0,7.0,1.0,69.0,111182.61628607189,MORENA-PT-Partido Verde,1,118311.25373516261
15.0,7.0,2.0,58.0,48312.44641598568,MORENA-PT-Partido Verde,1,51410.070183824006
15.0,7.0,2.0,37.0,68887.29634374571,MORENA-PT-Partido Verde,1,73304.10696474342
15.0,7.0,2.0,52.0,48312.44641598568,MORENA-PT-Partido Verde,1,51410.070183824006
15.0,2.0,2.0,56.0,70542.42335478147,PAN-PRI-PRD,1,75065.35488557603
15.0,7.0,1.0,66.0,36080.50871322655,MORENA-PT-Partido Verde,1,38393.86375187364
15.0,1.0,2.0,45.0,210775.42091556557,PAN-PRI-PRD,1,224289.59794320932
15.0,7.0,2.0,31.0,58476.09549260919,MORENA-PT-Partido Verde,1,62225.37661343346
15.0,7.0,2.0,21.0,95168.9821258945,MORENA-PT-Partido Verde,1,101270.88179903149
15.0,7.0,2.0,20.0,96187.00017780089,MORENA-PT-Partido Verde,1,102354.17158001824
15.0,98.0,1.0,26.0,114375.36989621227,NS,1,121708.7154526604
15.0,2.0,1.0,60.0,111650.20415379685,PAN-PRI-PRD,1,118808.82168876744
15.0,98.0,2.0,47.0,113000.00343859586,NS,1,120245.1653458055
15.0,1.0,2.0,47.0,78218.24500131712,PAN-PRI-PRD,1,83233.32315961365
15.0,7.0,2.0,43.0,81742.85625847174,MORENA-PT-Partido Verde,1,86983.9200666885
15.0,7.0,1.0,50.0,54035.75277543536,MORENA-PT-Partido Verde,1,57500.33477298124
15.0,7.0,1.0,64.0,36080.50871322655,MORENA-PT-Partido Verde,1,38393.86375187364
15.0,7.0,1.0,64.0,42504.35455758633,MORENA-PT-Partido Verde,1,45229.58394838451
15.0,1.0,2.0,40.0,144353.93263392706,PAN-PRI-PRD,1,153609.39796179812
15.0,7.0,1.0,22.0,96436.99763469415,MORENA-PT-Partido Verde,1,102620.19799263244
16.0,2.0,2.0,60.0,66857.41497793164,PAN-PRI-PRD,1,71144.07676087429
16.0,4.0,2.0,35.0,81701.1125783053,MORENA-PT-Partido Verde,1,86939.49992889192
16.0,7.0,1.0,45.0,116336.36698327164,MORENA-PT-Partido Verde,1,123795.444760631
16.0,7.0,2.0,34.0,59101.61149043428,MORENA-PT-Partido Verde,1,62890.99849216019
16.0,98.0,2.0,48.0,210775.42091556557,NS,1,224289.59794320932
16.0,2.0,1.0,18.0,113164.85089642456,PAN-PRI-PRD,1,120420.58224156001
16.0,98.0,1.0,43.0,238364.40975583243,NS,1,253647.4954995945
16.0,7.0,1.0,38.0,64001.656276990594,MORENA-PT-Partido Verde,1,68105.21687828167
16.0,5.0,2.0,39.0,118031.61784223291,MORENA-PT-Partido Verde,1,125599.38912908568
16.0,1.0,1.0,19.0,114375.36989621227,PAN-PRI-PRD,1,121708.7154526604
15.0,7.0,1.0,72.0,31042.445130738957,MORENA-PT-Partido Verde,1,33032.7772911277
15.0,98.0,1.0,72.0,95657.74953409037,NS,1,101790.98725058654
15.0,1.0,2.0,24.0,215922.39520293905,PAN-PRI-PRD,1,229766.5780793395
15.0,98.0,2.0,38.0,70292.8643409797,NS,1,74799.79502747889
15.0,7.0,1.0,54.0,46490.527724037296,MORENA-PT-Partido Verde,1,49471.336487422006
15.0,1.0,2.0,70.0,126396.52458142,PAN-PRI-PRD,1,134500.6242029622
15.0,7.0,1.0,67.0,45325.98675557022,MORENA-PT-Partido Verde,1,48232.12925694275
15.0,7.0,1.0,23.0,98404.68637875908,MORENA-PT-Partido Verde,1,104714.0480030684
15.0,1.0,1.0,54.0,143863.7396402251,PAN-PRI-PRD,1,153087.7755212194
15.0,7.0,2.0,50.0,42011.02285821049,MORENA-PT-Partido Verde,1,44704.621559387684
15.0,7.0,2.0,72.0,83989.3453245714,MORENA-PT-Partido Verde,1,89374.44609306588
15.0,7.0,2.0,20.0,96458.2698418615,MORENA-PT-Partido Verde,1,102642.83409874103
15.0,99.0,2.0,59.0,83900.06414569893,NR,1,89279.44051971097
15.0,99.0,1.0,59.0,169722.7791720762,NR,1,180604.80551742477
15.0,1.0,2.0,23.0,82756.0303831078,PAN-PRI-PRD,1,88062.05534486269
15.0,2.0,1.0,70.0,62657.91157384915,PAN-PRI-PRD,1,66675.31600133528
15.0,7.0,1.0,22.0,82971.11971014905,MORENA-PT-Partido Verde,1,88290.93544138629
15.0,7.0,1.0,59.0,46987.83467645482,MORENA-PT-Partido Verde,1,50000.5290086732
15.0,5.0,2.0,31.0,189418.8250910163,MORENA-PT-Partido Verde,1,201563.69247417158
15.0,7.0,2.0,30.0,70292.8643409797,MORENA-PT-Partido Verde,1,74799.79502747889
15.0,99.0,1.0,48.0,124059.30366336441,NR,1,132013.54891810182
15.0,1.0,1.0,25.0,114697.93498412649,PAN-PRI-PRD,1,122051.96227700326
15.0,2.0,2.0,43.0,150643.20908940028,PAN-PRI-PRD,1,160301.92065455014
15.0,7.0,2.0,18.0,185249.85288563615,MORENA-PT-Partido Verde,1,197127.4204661764
15.0,2.0,1.0,65.0,62657.91157384915,PAN-PRI-PRD,1,66675.31600133528
15.0,7.0,1.0,71.0,45325.98675557022,MORENA-PT-Partido Verde,1,48232.12925694275
15.0,99.0,2.0,67.0,138841.57709001147,NR,1,147743.60961088733
15.0,7.0,2.0,63.0,60756.89179815213,MORENA-PT-Partido Verde,1,64652.40953851778
15.0,5.0,1.0,64.0,45325.98675557022,MORENA-PT-Partido Verde,1,48232.12925694275
15.0,7.0,2.0,19.0,82756.0303831078,MORENA-PT-Partido Verde,1,88062.05534486269
15.0,2.0,1.0,70.0,140260.09763206443,PAN-PRI-PRD,1,149253.08068995917
15.0,3.0,1.0,64.0,45325.98675557022,PAN-PRI-PRD,1,48232.12925694275
15.0,2.0,2.0,54.0,187024.2329018429,PAN-PRI-PRD,1,199015.56747451707
15.0,99.0,2.0,36.0,69548.9030500875,NR,1,74008.13356100094
15.0,2.0,2.0,23.0,183289.21689530506,PAN-PRI-PRD,1,195041.07540718344
15.0,7.0,1.0,34.0,76120.76268012864,MORENA-PT-Partido Verde,1,81001.35766539785
15.0,98.0,1.0,48.0,124059.30366336441,NS,1,132013.54891810182
15.0,7.0,1.0,70.0,45325.98675557022,MORENA-PT-Partido Verde,1,48232.12925694275
15.0,7.0,2.0,37.0,69548.9030500875,MORENA-PT-Partido Verde,1,74008.13356100094
15.0,5.0,2.0,40.0,66584.07660153598,MORENA-PT-Partido Verde,1,70853.21289127354
15.0,1.0,1.0,71.0,31042.445130738957,PAN-PRI-PRD,1,33032.7772911277
15.0,3.0,2.0,28.0,223003.43272860654,PAN-PRI-PRD,1,237301.62677123112
15.0,7.0,2.0,72.0,83989.3453245714,MORENA-PT-Partido Verde,1,89374.44609306588
15.0,1.0,2.0,39.0,101550.39801910288,PAN-PRI-PRD,1,108061.4515854843
15.0,5.0,2.0,44.0,48166.12776211133,MORENA-PT-Partido Verde,1,51254.37009362129
15.0,4.0,2.0,68.0,156662.73517265043,MORENA-PT-Partido Verde,1,166707.3975320542
15.0,7.0,1.0,20.0,114697.93498412649,MORENA-PT-Partido Verde,1,122051.96227700326
15.0,7.0,1.0,74.0,45325.98675557022,MORENA-PT-Partido Verde,1,48232.12925694275
15.0,7.0,2.0,55.0,41566.38918037821,MORENA-PT-Partido Verde,1,44231.479537420324
15.0,98.0,1.0,59.0,143863.7396402251,NS,1,153087.7755212194
15.0,7.0,1.0,79.0,36569.304071027764,MORENA-PT-Partido Verde,1,38913.99894506422
15.0,96.0,2.0,47.0,66584.07660153598,Ninguno,1,70853.21289127354
15.0,3.0,2.0,23.0,135354.91684883088,PAN-PRI-PRD,1,144033.39700515737
15.0,98.0,2.0,61.0,83989.3453245714,NS,1,89374.44609306588
15.0,98.0,1.0,28.0,142162.86620834406,NS,1,151277.84808028827
15.0,7.0,2.0,44.0,48681.35852802826,MORENA-PT-Partido Verde,1,51802.63564011388
15.0,98.0,2.0,72.0,83989.3453245714,NS,1,89374.44609306588
15.0,5.0,2.0,73.0,60756.89179815213,MORENA-PT-Partido Verde,1,64652.40953851778
15.0,7.0,1.0,50.0,46987.83467645482,MORENA-PT-Partido Verde,1,50000.5290086732
15.0,3.0,2.0,54.0,83900.06414569893,PAN-PRI-PRD,1,89279.44051971097
15.0,1.0,2.0,79.0,156662.73517265043,PAN-PRI-PRD,1,166707.3975320542
15.0,2.0,1.0,55.0,210059.67571422487,PAN-PRI-PRD,1,223527.96168248612
15.0,96.0,2.0,34.0,157350.9835814269,Ninguno,1,167439.77400279726
15.0,7.0,2.0,64.0,130140.36729521607,MORENA-PT-Partido Verde,1,138484.50891491026
15.0,98.0,2.0,24.0,82756.0303831078,NS,1,88062.05534486269
15.0,96.0,2.0,57.0,83900.06414569893,Ninguno,1,89279.44051971097
15.0,7.0,2.0,39.0,50849.020628068385,MORENA-PT-Partido Verde,1,54109.28059322486
15.0,7.0,2.0,64.0,83989.3453245714,MORENA-PT-Partido Verde,1,89374.44609306588
15.0,1.0,1.0,65.0,62657.91157384915,PAN-PRI-PRD,1,66675.31600133528
15.0,96.0,2.0,51.0,128812.25548012796,Ninguno,1,137071.24325169486
15.0,7.0,1.0,29.0,97363.19691614373,MORENA-PT-Partido Verde,1,103605.78190725231
15.0,98.0,2.0,21.0,96458.2698418615,NS,1,102642.83409874103
15.0,5.0,1.0,51.0,64267.75418841434,MORENA-PT-Partido Verde,1,68388.37604981841
15.0,7.0,1.0,26.0,98404.68637875908,MORENA-PT-Partido Verde,1,104714.0480030684
15.0,98.0,2.0,42.0,66584.07660153598,NS,1,70853.21289127354
15.0,7.0,1.0,42.0,89743.02228575671,MORENA-PT-Partido Verde,1,95497.02853988882
15.0,7.0,1.0,36.0,55064.85285576302,MORENA-PT-Partido Verde,1,58595.41712298864
15.0,7.0,1.0,22.0,98404.68637875908,MORENA-PT-Partido Verde,1,104714.0480030684
15.0,98.0,2.0,41.0,160715.24279954497,NS,1,171019.73766331683
15.0,7.0,2.0,53.0,83900.06414569893,MORENA-PT-Partido Verde,1,89279.44051971097
15.0,7.0,1.0,55.0,67882.1863098841,MORENA-PT-Partido Verde,1,72234.55281841906
15.0,7.0,2.0,46.0,48166.12776211133,MORENA-PT-Partido Verde,1,51254.37009362129
15.0,98.0,2.0,64.0,83989.3453245714,NS,1,89374.44609306588
15.0,3.0,1.0,43.0,165460.4150193095,PAN-PRI-PRD,1,176069.15359957353
15.0,1.0,1.0,30.0,76935.02283929207,PAN-PRI-PRD,1,81867.82531578436
15.0,7.0,2.0,58.0,60692.30685700983,MORENA-PT-Partido Verde,1,64583.68363860465
15.0,7.0,2.0,24.0,81880.16220260125,MORENA-PT-Partido Verde,1,87130.02958396639
15.0,1.0,2.0,51.0,126262.16431612201,PAN-PRI-PRD,1,134357.64923105927
15.0,7.0,1.0,38.0,55653.87895418847,MORENA-PT-Partido Verde,1,59222.20949858932
15.0,7.0,2.0,27.0,69776.76324504495,MORENA-PT-Partido Verde,1,74250.60334847555
16.0,6.0,2.0,58.0,128626.1198480304,Movimiento Ciudadano,1,136873.17325897596
16.0,99.0,2.0,18.0,82756.0303831078,NR,1,88062.05534486269
16.0,7.0,2.0,37.0,50310.84789344264,MORENA-PT-Partido Verde,1,53536.602119857904
16.0,98.0,2.0,48.0,70328.77918662173,NS,1,74838.01260642738
16.0,1.0,2.0,66.0,83989.3453245714,PAN-PRI-PRD,1,89374.44609306588
16.0,7.0,2.0,57.0,60692.30685700983,MORENA-PT-Partido Verde,1,64583.68363860465
16.0,7.0,1.0,20.0,98404.68637875908,MORENA-PT-Partido Verde,1,104714.0480030684
16.0,2.0,2.0,41.0,66584.07660153598,PAN-PRI-PRD,1,70853.21289127354
16.0,7.0,2.0,66.0,49019.059696568234,MORENA-PT-Partido Verde,1,52161.9890172191
16.0,7.0,1.0,55.0,64267.75418841434,MORENA-PT-Partido Verde,1,68388.37604981841
16.0,7.0,2.0,49.0,48681.35852802826,MORENA-PT-Partido Verde,1,51802.63564011388
16.0,96.0,2.0,51.0,83900.06414569893,Ninguno,1,89279.44051971097
16.0,7.0,1.0,53.0,168767.76017658197,MORENA-PT-Partido Verde,1,179588.5540702822
16.0,3.0,2.0,45.0,66584.07660153598,PAN-PRI-PRD,1,70853.21289127354
16.0,2.0,2.0,61.0,67763.1559234251,PAN-PRI-PRD,1,72107.89062315006
16.0,99.0,2.0,72.0,83989.3453245714,NR,1,89374.44609306588
16.0,5.0,1.0,40.0,141956.1760229402,MORENA-PT-Partido Verde,1,151057.90564875776
16.0,6.0,1.0,23.0,197985.22736819222,Movimiento Ciudadano,1,210679.34226968195
16.0,1.0,1.0,64.0,62657.91157384915,PAN-PRI-PRD,1,66675.31600133528
16.0,3.0,2.0,61.0,188010.63551875795,PAN-PRI-PRD,1,200065.21475026198
16.0,7.0,1.0,28.0,98404.68637875908,MORENA-PT-Partido Verde,1,104714.0480030684
16.0,6.0,1.0,41.0,84964.5954250387,Movimiento Ciudadano,1,90412.22579231986
16.0,7.0,1.0,42.0,72405.26031829978,MORENA-PT-Partido Verde,1,77047.63038888836
16.0,98.0,2.0,29.0,81880.16220260125,NS,1,87130.02958396639
16.0,98.0,1.0,23.0,114697.93498412649,NS,1,122051.96227700326
16.0,5.0,2.0,33.0,101550.39801910288,MORENA-PT-Partido Verde,1,108061.4515854843
16.0,4.0,2.0,63.0,57521.850718104564,MORENA-PT-Partido Verde,1,61209.9490276013
16.0,3.0,2.0,58.0,60692.30685700983,PAN-PRI-PRD,1,64583.68363860465
16.0,7.0,1.0,18.0,98404.68637875908,MORENA-PT-Partido Verde,1,104714.0480030684
16.0,7.0,1.0,39.0,64868.70925366645,MORENA-PT-Partido Verde,1,69027.86223555032
16.0,7.0,1.0,47.0,85873.45764026299,MORENA-PT-Partido Verde,1,91379.36104913944
16.0,99.0,2.0,28.0,81880.16220260125,NR,1,87130.02958396639
16.0,7.0,2.0,32.0,59268.29175143438,MORENA-PT-Partido Verde,1,63068.36570396501
16.0,7.0,1.0,37.0,64868.70925366645,MORENA-PT-Partido Verde,1,69027.86223555032
16.0,5.0,1.0,68.0,62657.91157384915,MORENA-PT-Partido Verde,1,66675.31600133528
16.0,4.0,2.0,50.0,57460.7046450736,MORENA-PT-Partido Verde,1,61144.88248390115
16.0,7.0,1.0,72.0,45325.98675557022,MORENA-PT-Partido Verde,1,48232.12925694275
16.0,96.0,2.0,30.0,70292.8643409797,Ninguno,1,74799.79502747889
16.0,7.0,1.0,45.0,124059.30366336441,MORENA-PT-Partido Verde,1,132013.54891810182
16.0,7.0,2.0,34.0,70292.8643409797,MORENA-PT-Partido Verde,1,74799.79502747889
16.0,1.0,2.0,44.0,97221.3677583216,PAN-PRI-PRD,1,103454.85916376367
16.0,7.0,1.0,45.0,62119.83620089354,MORENA-PT-Partido Verde,1,66102.74113212553
16.0,7.0,1.0,58.0,64955.223282417224,MORENA-PT-Partido Verde,1,69119.92323887162
16.0,98.0,2.0,21.0,119555.63203570033,NS,1,127221.11774064654
16.0,7.0,1.0,24.0,142162.86620834406,MORENA-PT-Partido Verde,1,151277.84808028827
16.0,96.0,1.0,32.0,76935.02283929207,Ninguno,1,81867.82531578436
16.0,5.0,2.0,47.0,174850.44581646431,MORENA-PT-Partido Verde,1,186061.24007255884
16.0,6.0,2.0,24.0,81880.16220260125,Movimiento Ciudadano,1,87130.02958396639
16.0,7.0,2.0,37.0,50849.020628068385,MORENA-PT-Partido Verde,1,54109.28059322486
16.0,4.0,1.0,69.0,31374.50468220712,MORENA-PT-Partido Verde,1,33386.12733056057
